day_of_week,weekday_name,hour,total_trips,total_revenue,total_fare_amount,total_trip_distance,total_trip_duration_min,total_passenger_count,credit_card_trip_count,cash_trip_count,active_days,active_pickup_zones,avg_revenue_per_trip,avg_fare_amount,avg_trip_distance,avg_trip_duration_min,avg_passenger_count,credit_card_share,cash_share
1,Sun,0,593459,1.568450039E7,1.0942314709999995E7,2194887.81,9226849.366666667,742855,442514,57549,105,254,26.42895362611402,18.438198274859754,3.6984657912341037,15.547576777278072,1.2517376937581197,0.7456521849024111,0.09697215814403354
1,Sun,1,489377,1.2006429549999995E7,8254268.339999997,1610958.5500000003,7316070.8166666655,612530,370990,43346,105,248,24.534110818448752,16.866890638505687,3.2918558698099836,14.949764326207944,1.2516526113814095,0.7580863015630077,0.08857383980039929
1,Sun,2,347151,8340929.929999998,5708443.1800000025,1356331.26,4702083.450000001,437829,265395,31294,103,244,24.02680657696506,16.44368928794675,3.9070354399094342,13.544778640994844,1.2612062186195632,0.7644944130940139,0.09014521058559531
1,Sun,3,237989,5921241.75,4097591.299999999,879922.7900000003,3235165.6999999993,296813,176238,24797,106,237,24.88031694742194,17.217565937921496,3.6973254646223155,13.593761476370753,1.2471710877393494,0.7405300244969305,0.10419389131430444
1,Sun,4,138212,3989159.9200000027,2875033.33,900545.5100000001,1960579.7000000002,158316,88180,19262,105,244,28.86261627065669,20.801618745116198,6.515682502242932,14.185307353920066,1.1454577026596822,0.6380053830347582,0.13936561224785113
1,Sun,5,62426,2526945.9800000004,1875999.2899999998,445077.88000000006,1028823.5,69527,36857,12390,105,243,40.479062890462316,30.05156969852305,7.129687630154104,16.48068913593695,1.1137506808060744,0.5904110466792682,0.19847499439336175
1,Sun,6,90952,3540459.7300000014,2662634.6399999997,1328472.0399999993,1411430.1333333333,101043,54893,19293,105,245,38.92668363532414,29.275163162987067,14.606298267217866,15.518406778667135,1.1109486322455802,0.6035381300026388,0.21212287800158325
1,Sun,7,132402,4639275.939999999,3414395.16,1306720.6699999997,1914025.4499999995,158788,88920,27916,105,243,35.03931919457409,25.788093533330315,9.86934238153502,14.456167202912338,1.1992870198335372,0.6715910635791,0.21084273651455415
1,Sun,8,199773,6076750.12,4366545.540000002,1769474.4200000006,2705493.1833333336,252119,143153,39371,105,245,30.418275342513752,21.857536003363826,8.857425277690181,13.542837036703327,1.2620274011002488,0.7165783163891016,0.1970786843066881
1,Sun,9,317161,8641955.92999999,6096044.820000001,1856241.1400000004,4197794.100000001,410454,229594,60072,105,248,27.247851816585236,19.220663385472996,5.852677788252655,13.235530534964893,1.29415028960055,0.7239036325399403,0.18940538086334702
1,Sun,10,436520,1.1536361189999988E7,8061403.429999997,2250846.3599999994,6048828.2,571136,319809,78541,105,244,26.428024351690617,18.467432030605693,5.156341885824245,13.85693255750023,1.308384495555759,0.7326330981398332,0.17992531842756346
1,Sun,11,515801,1.3617505079999983E7,9513908.889999995,2562838.3300000015,7578332.483333335,679921,381410,88318,106,249,26.400695384460253,18.44492137471621,4.968657156539056,14.692357097666223,1.3181847262800963,0.7394518428618789,0.17122494915674843
1,Sun,12,588669,1.6289895819999985E7,1.1471868559999995E7,2728678.670000001,9559314.383333331,776549,436621,97281,105,246,27.672420018720175,19.48780819102075,4.635336105689277,16.238861539053918,1.3191606828285505,0.7417088380736883,0.16525585685673952
1,Sun,13,612797,1.7929142399999984E7,1.2735207529999997E7,2967559.230000001,1.088357171666667E7,815888,455851,101361,105,248,29.257882137151427,20.78209836210033,4.842646471833251,17.760484657507575,1.3314164397018915,0.7438858218953421,0.1654071413534988
1,Sun,14,632284,1.942373336999998E7,1.3865424579999993E7,3883636.3499999996,1.2026513583333334E7,849679,472410,105030,105,250,30.71995079742644,21.929108723295215,6.142234106825414,19.020746347105625,1.343824926773412,0.7471484332989606,0.16611206356637206
1,Sun,15,612775,1.9217613829999987E7,1.3772996159999998E7,3223786.9499999993,1.2019685166666672E7,830116,463129,101848,105,252,31.36161532373218,22.476432883195297,5.260963567377911,19.615168971754187,1.3546832034596712,0.7557896454653013,0.16620782505813717
1,Sun,16,623696,1.9625655099999994E7,1.404924862E7,3060158.819999999,1.22895003E7,845342,475002,100580,105,248,31.466700283471425,22.525795611964803,4.906491014853389,19.704311555629666,1.3553750545137375,0.7615921859367384,0.16126446217387957
1,Sun,17,623920,1.887887369999999E7,1.3505217559999997E7,2653220.64,1.176530756666667E7,837691,472973,98125,105,251,30.258484581356573,21.64575195537889,4.2525013463264525,18.857077135957606,1.3426256571355302,0.7580667393255546,0.15727176561097578
1,Sun,18,600565,1.759174881999999E7,1.2500718159999993E7,2611313.95,1.062329345E7,802480,457740,91846,105,250,29.29199806848549,20.81492954134855,4.348095460108398,17.688832099772714,1.3362084037531325,0.7621822783545494,0.15293265508313006
1,Sun,19,523042,1.5640129039999992E7,1.1102307279999997E7,2349164.1700000004,8923263.666666666,702899,403063,79654,105,248,29.902243108584,21.226416387211728,4.491349012125222,17.060319566433797,1.3438672228998818,0.770613067401853,0.1522898734709641
1,Sun,20,479420,1.4995981379999995E7,1.0305722689999996E7,2439154.310000001,7955393.316666667,644494,373592,70149,106,251,31.279423845479943,21.49623021567727,5.087719139793919,16.593786902229084,1.3443202202661548,0.7792582704100789,0.14632055400275332
1,Sun,21,449062,1.4360937209999992E7,9885401.649999999,2221938.41,7288668.35,600480,351279,64207,105,249,31.97985402906501,22.013445025408515,4.9479546476878475,16.23087313110439,1.3371872926232904,0.7822505578294311,0.14298025662380695
1,Sun,22,371359,1.2956087759999994E7,9185701.919999994,2012820.0699999998,6105537.366666667,483666,283526,54169,105,252,34.88830958721882,24.735369063359162,5.420146192767645,16.44106475584722,1.3024216459005975,0.7634822368651359,0.14586693738404077
1,Sun,23,275544,1.034343861E7,7360189.499999998,1725605.8100000005,4542535.116666667,349582,206229,42298,105,251,37.53824655953314,26.711485280027865,6.262541771913018,16.4856978074887,1.2686975582847022,0.7484430798710914,0.15350724385216155
2,Mon,0,167167,6238339.289999999,4488323.119999999,1058228.5399999998,2724934.016666667,210428,121589,27908,106,251,37.318007082737616,26.849337010295088,6.3303674768345415,16.30066949019045,1.2587891150765402,0.7273504938175597,0.16694682562946037
2,Mon,1,87130,3080171.2899999986,2254473.48,853469.0100000001,1363858.9833333334,110603,61237,16511,105,238,35.351443704808894,25.874824744634456,9.795351887983474,15.653150273537626,1.269402042924366,0.7028233673820727,0.18949845059107082
2,Mon,2,49144,1575724.63,1148244.4000000001,311917.3199999999,728932.8833333334,62886,33607,10167,105,227,32.06341832166694,23.364895002441806,6.347007162624123,14.832591635465844,1.279627217971675,0.6838474686635194,0.20688181670193717
2,Mon,3,35813,1207917.86,885623.2700000001,217144.07999999996,551627.5499999999,44139,22845,7372,105,223,33.72847457627119,24.72910032669701,6.063275346941054,15.4029975148689,1.2324854103258593,0.637896853098037,0.20584703878479882
2,Mon,4,42129,1664657.010000001,1235076.8500000003,718107.89,703757.4666666663,44054,23445,7553,105,231,39.513328348643476,29.316547983574267,17.045453013363716,16.70482248965478,1.0456929905765624,0.5565050202948087,0.17928267938949416
2,Mon,5,73694,2836065.270000002,2087025.3600000006,1371516.700000001,1271516.0333333327,77524,47418,12689,105,241,38.4843443156838,28.320153065378463,18.610968328493513,17.253996707104143,1.0519716666214345,0.6434445138003094,0.1721849811382202
2,Mon,6,178141,5664866.84,4171729.160000001,2156061.5700000008,3156204.1666666674,189850,125439,27307,105,242,31.799904794516703,23.418130357413517,12.103118147983905,17.71744947354437,1.0657288327785295,0.7041556968917879,0.15328868705126839
2,Mon,7,342181,9667135.019999988,6919549.98,3443252.7499999995,5890122.483333334,379278,257762,44517,105,248,28.25152483627083,20.221900047051122,10.062664934639853,17.21347030762472,1.1084133835601626,0.7532913867222318,0.13009781373016036
2,Mon,8,458401,1.251806243999998E7,8869621.149999999,2512207.78,7929111.166666664,519525,352092,59143,105,246,27.30810456347168,19.34904406840299,5.480371508788156,17.297325194898495,1.1333417684516396,0.7680873296524222,0.12902022465046978
2,Mon,9,473054,1.312045273999998E7,9204280.659999998,2069970.9700000007,8194306.000000002,567769,366866,76690,105,246,27.735634282766828,19.45714582267563,4.375760420586235,17.322136584829643,1.2002202708358876,0.7755266840572113,0.16211679850503324
2,Mon,10,483978,1.3710613119999975E7,9628358.189999992,2037862.32,8624201.899999999,609475,370071,91905,105,249,28.32900073970299,19.894206327560326,4.210650732058069,17.819408940075785,1.2593031088189959,0.7646442606895355,0.18989499522705577
2,Mon,11,508343,1.4462112169999965E7,1.0191477769999994E7,1878136.4100000015,9186502.666666668,648943,386287,99124,105,244,28.449515720684587,20.048427479083994,3.694624318619518,18.071464870504105,1.276584904287066,0.759894402008093,0.1949943246980877
2,Mon,12,548972,1.5724495849999975E7,1.109623413E7,2252959.2599999984,9932748.316666666,704568,416966,106828,105,241,28.64352981572826,20.21275061387466,4.103960238409242,18.09336052962021,1.2834315775667975,0.7595396486523903,0.1945964457203646
2,Mon,13,573629,1.7339359009999968E7,1.2385515339999998E7,2366800.8899999997,1.0653314683333334E7,740732,434452,112159,106,245,30.2274797996614,21.5915083442434,4.1260133117398174,18.571785393230353,1.2913084938174326,0.757374539990133,0.19552533083229753
2,Mon,14,627247,1.9109829609999973E7,1.3573007699999996E7,2639015.2200000007,1.230188051666667E7,812101,476417,119411,105,250,30.46619531061922,21.639015730645177,4.2072982732480195,19.612497973950724,1.294706869861474,0.7595365143237034,0.19037317037785753
2,Mon,15,648987,1.959707895999997E7,1.3920874089999994E7,3033381.2699999996,1.2978452833333336E7,847169,496557,119540,106,249,30.196412193156366,21.450158616428364,4.674024703114237,19.998016652619135,1.3053712940320839,0.7651262660114918,0.1841947527454325
2,Mon,16,641791,2.108067775999998E7,1.389610007999999E7,2975654.6000000006,1.276923175E7,834483,499307,109258,105,248,32.846639731626,21.65206442595797,4.636485397894331,19.896246207877642,1.3002410442028636,0.7779900310225603,0.17023922117948054
2,Mon,17,699873,2.1445966879999973E7,1.3908869329999996E7,2928251.9200000013,1.265419033333333E7,888448,554065,103359,106,249,30.642654995977804,19.873418934578126,4.183976121382024,18.080695116590196,1.269441741573114,0.791665059232175,0.14768250811218606
2,Mon,18,713738,2.0609774019999985E7,1.3107489499999998E7,2543655.32,1.1247554183333328E7,899067,573381,97119,105,244,28.875825611078554,18.364567250167426,3.5638502083397547,15.75865959684552,1.2596597070633762,0.8033494083263046,0.13607093919617563
2,Mon,19,596836,1.764314322999999E7,1.123672601E7,2255690.7499999995,8817792.533333335,765443,484427,81841,105,245,29.561124379226435,18.827158566172283,3.7794146968346407,14.774230330163286,1.2825013906667828,0.8116584790461702,0.1371247712939568
2,Mon,20,554497,1.6014133899999997E7,1.0746177049999997E7,2092457.0299999996,8079259.216666667,709429,447946,73188,106,244,28.880469867285118,19.380045428559573,3.7736128960120605,14.570429085579663,1.2794099877907366,0.8078420622654405,0.13198989354315713
2,Mon,21,537994,1.5649130529999997E7,1.0585805279999997E7,2368586.07,7885284.666666671,684542,428857,67318,106,239,29.087927616293115,19.67643743238772,4.4026254382019125,14.65682640822513,1.272397089930371,0.7971408603069923,0.12512778952925124
2,Mon,22,425476,1.3228864709999997E7,9107324.82,1960014.21,6505573.166666665,539212,334369,55449,105,244,31.0919175464656,21.40502594740949,4.6066387058259455,15.290106061603158,1.2673147251548853,0.7858704133723171,0.13032227434684918
2,Mon,23,276639,9824872.879999995,6896928.069999998,1522303.46,4517003.933333334,348655,213026,41305,106,244,35.515140236915244,24.931148789577747,5.502851947845387,16.328153056269482,1.2603248276634893,0.7700504990258062,0.14931011173406497
3,Tue,0,148969,5387459.349999998,3854730.6599999988,828206.3700000002,2439615.566666667,187385,110421,25564,106,239,36.16496955742468,25.876059180097865,5.559588706375154,16.376666062514126,1.2578791560660272,0.741234753539327,0.17160617309641604
3,Tue,1,65769,2317462.6700000004,1691998.9500000007,392208.9099999999,1023810.5500000005,84189,46793,13469,105,236,35.23639815110463,25.726390092596827,5.96343125180556,15.56676473718622,1.2800711581444146,0.7114750110234305,0.20479253143578283
3,Tue,2,32768,1039675.5400000003,757234.8300000001,190330.13999999993,476419.7499999999,41932,21992,7699,105,215,31.72837951660157,23.108973083496096,5.808414916992185,14.539176940917965,1.2796630859375,0.671142578125,0.234954833984375
3,Tue,3,21256,741782.28,544914.7900000002,112992.54,318643.01666666666,26761,13226,5292,106,219,34.89754798645089,25.635810594655634,5.3157950696273994,14.990732812696024,1.2589856981558147,0.6222243131351148,0.2489649981181784
3,Tue,4,28585,1173155.7900000005,873419.6,892768.79,503027.2666666667,31196,17233,6012,105,226,41.04095819485746,30.555172293160748,31.23207241560259,17.597595475482482,1.0913416127339515,0.6028686373972363,0.2103200979534721
3,Tue,5,68500,2481688.460000002,1811658.0400000005,1169007.04,1150444.6666666663,74298,47235,12204,105,238,36.229028613138716,26.447562627737234,17.065796204379563,16.79481265206812,1.0846423357664234,0.6895620437956205,0.17816058394160583
3,Tue,6,184236,5401550.300000001,3938339.270000003,1767927.3399999992,3052204.9000000004,198690,135701,27891,105,244,29.318647278490637,21.376599958748578,9.595992856987772,16.566821359560567,1.078453722399531,0.7365607156038994,0.15138735100631798
3,Tue,7,393964,1.0318657109999986E7,7303407.19,2987753.9399999995,6430710.266666666,435102,304639,48734,106,246,26.191878217299006,18.53826032327827,7.583824765714633,16.3230911115398,1.1044207084911313,0.7732660852260612,0.12370165801951448
3,Tue,8,543613,1.4240001009999985E7,1.0057453299999997E7,3367197.460000002,9561526.016666671,602048,424444,62816,105,246,26.195107567331878,18.50112727252659,6.194107683223178,17.588847243658027,1.107493750149463,0.7807833881824018,0.11555279215176974
3,Tue,9,557615,1.5048421439999966E7,1.0573003459999999E7,2546767.8800000004,1.0098463833333334E7,649978,438355,82690,106,246,26.987117347990935,18.961117365924515,4.567251383122764,18.110100756495672,1.1656393748374774,0.7861248352357809,0.14829228051612672
3,Tue,10,549946,1.5426693879999978E7,1.0898842699999996E7,2247449.8800000004,1.0326616683333332E7,675519,428128,97740,105,245,28.051288453775424,19.818023405934394,4.086673746149622,18.77751030707257,1.2283369639928283,0.7784909791143131,0.1777265404239689
3,Tue,11,571604,1.5989622949999971E7,1.1305388879999997E7,1823154.2599999995,1.09490679E7,713721,442301,105688,106,246,27.973252374021126,19.778358583914734,3.189540765984842,19.154988243609214,1.24862842107473,0.773789196716608,0.18489723654837964
3,Tue,12,608115,1.714087187999996E7,1.2133126379999997E7,2059842.29,1.1687914783333333E7,763570,468141,114524,105,244,28.186892084556312,19.952026146370336,3.3872578213002473,19.21990870696058,1.2556342139233534,0.7698231420043906,0.18832622119171538
3,Tue,13,623245,1.7970844569999963E7,1.2734928099999994E7,2515474.1199999987,1.2081579083333332E7,788317,478704,118062,106,248,28.834318077160606,20.433261558456135,4.0360919381623575,19.384959499608232,1.2648589238581938,0.7680831775625958,0.18943112259223902
3,Tue,14,682325,2.0234982059999973E7,1.4372789310000002E7,2519860.1700000004,1.3833756700000003E7,869393,525685,126177,105,248,29.65592944711094,21.064433092734404,3.6930497490198957,20.274439160224237,1.274162605796358,0.7704319788956875,0.18492214120836845
3,Tue,15,703052,2.0722851959999982E7,1.4726136249999996E7,2805385.440000001,1.4520945650000006E7,900089,543778,124825,105,253,29.475560783555103,20.946012883826512,3.990295796043537,20.654155951480128,1.2802594971637944,0.7734534572122688,0.17754732224643413
3,Tue,16,705497,2.2720137089999963E7,1.485320071999999E7,2723242.8299999996,1.4602588333333345E7,899060,554109,114989,106,249,32.204441819029654,21.053527825065153,3.8600345997218977,20.698299685658966,1.2743640298966543,0.7854165219696185,0.16299006232485752
3,Tue,17,796341,2.4109736179999985E7,1.555118759E7,3445227.7,1.5088187683333341E7,985660,637583,108310,105,246,30.27564344922588,19.528302059042545,4.326322140891905,18.946892955823373,1.2377360954666405,0.8006406803115751,0.13600957378811337
3,Tue,18,855190,2.426558386999998E7,1.535903381E7,2850959.2800000003,1.421068601666667E7,1044203,687039,106547,105,245,28.374494404752134,17.959791169213858,3.3337144728072126,16.616992734558014,1.2210187209859797,0.8033758579964686,0.1245886878939183
3,Tue,19,728944,2.0776675719999984E7,1.3116785799999995E7,2699396.3200000008,1.1097132833333334E7,897563,594290,88138,105,242,28.502430529642858,17.994229735068807,3.703160078140434,15.223573873073013,1.231319552667969,0.815275247481288,0.12091189446651594
3,Tue,20,695855,1.9031477699999988E7,1.2731889109999994E7,2489816.1899999995,1.0276303949999997E7,853135,560694,80833,105,243,27.349775024969265,18.296755947718985,3.5780675428070494,14.767881167772018,1.226024099848388,0.8057626948142932,0.11616356855954185
3,Tue,21,725596,1.9772273059999987E7,1.333401649000001E7,2694199.309999999,1.0627323283333331E7,886130,573668,80016,105,246,27.249699640020047,18.37664001730992,3.7130845677208795,14.646336643715417,1.2212443288000485,0.7906162658008038,0.1102762418756443
3,Tue,22,608225,1.7166189959999997E7,1.1767568259999996E7,2485056.1600000006,9099203.516666666,730002,467775,67182,106,240,28.223420543384435,19.347393250852885,4.085751424226233,14.96025897762615,1.2002170249496487,0.7690821653171113,0.11045583460068231
3,Tue,23,383827,1.171805716E7,8135790.94,2025349.4800000002,5923560.100000001,466410,292543,49767,106,245,30.529528042581685,21.196505040031056,5.27672487865627,15.43289059915014,1.2151568284669916,0.7621741044793618,0.12965997702089743
4,Wed,0,188018,5974089.2299999995,4215210.170000001,874766.51,2863998.4166666674,233067,142110,29297,106,241,31.774028178153152,22.4191841738557,4.6525678924358305,15.232575693107401,1.2395994000574413,0.7558318884362135,0.1558201874288632
4,Wed,1,83814,2543145.9000000004,1808202.3100000003,362309.20999999996,1192035.8666666662,105921,61867,15490,104,235,30.342733910802497,21.573988951726445,4.322776743742095,14.222395622051998,1.2637626172238527,0.7381463717278737,0.18481399288901615
4,Wed,2,43037,1248560.3300000003,888692.0,174174.16999999998,587122.9999999999,54463,30331,8970,104,225,29.01132351232661,20.64948765016149,4.047079722099588,13.642284545855889,1.2654924832121197,0.7047656667518647,0.20842530845551502
4,Wed,3,28103,892459.41,645172.3100000002,221578.67000000004,397134.15,35027,18411,6318,104,219,31.75673095399068,22.957417713411385,7.884520157990251,14.131379212183754,1.246379390100701,0.6551257872824965,0.2248158559584386
4,Wed,4,32244,1321155.5000000002,975526.4000000004,315363.02,559232.6833333331,35580,20088,6337,104,232,40.97368502667164,30.254509366083624,9.780517925815657,17.343775069263526,1.1034611090435429,0.6229996278377372,0.1965326882520779
4,Wed,5,69210,2558000.420000002,1854140.8100000005,1377935.2099999988,1152836.5999999996,74762,48165,11950,104,236,36.95998295044071,26.79007094350528,19.909481433318867,16.657081346626203,1.0802196214419881,0.6959254442999566,0.17266290998410636
4,Wed,6,187583,5453947.060000004,3947686.110000002,2041495.7500000005,3105959.13333333,199296,138084,27429,104,246,29.07484718764496,21.045009995575302,10.883159721296709,16.55778579793121,1.0624416924774633,0.7361221432645816,0.1462232718316692
4,Wed,7,404680,1.0543733119999988E7,7453978.550000002,3478529.7699999996,6548850.050000003,442490,311894,47918,104,248,26.05449520608873,18.41943893940892,8.595754102006522,16.182786522684598,1.0934318473855886,0.7707176040328161,0.11840960759118316
4,Wed,8,555762,1.4416388549999978E7,1.0175874689999998E7,2522881.890000002,9522907.450000001,612024,432660,63251,105,245,25.93986013797269,18.309770531270576,4.539500523605432,17.134866093759562,1.1012339814524923,0.7784987098794088,0.11380950838668351
4,Wed,9,564779,1.5043897259999972E7,1.0553335809999997E7,2224820.2099999995,9998543.549999995,653726,444796,80013,104,245,26.636785822418986,18.685779411061667,3.939275734402305,17.703461973621533,1.1574899208362917,0.7875576110301552,0.14167134401243672
4,Wed,10,557007,1.5311760309999976E7,1.0740551870000001E7,1717546.6700000004,1.0369836999999998E7,682811,436666,96156,105,247,27.489349882496946,19.282615604471758,3.0835279807973697,18.61706764906006,1.2258571256734656,0.7839506505304242,0.17262978741739332
4,Wed,11,587841,1.6485032629999971E7,1.1637558419999994E7,1957191.81,1.1408022200000003E7,732072,457357,106188,104,251,28.043352930469243,19.797119323082253,3.329457812571767,19.406646014823743,1.245357162906296,0.7780284124448618,0.1806406834501166
4,Wed,12,630843,1.796306950999996E7,1.2730536649999997E7,2203602.0900000003,1.2458929633333335E7,788930,487128,116428,104,247,28.474706876354276,20.18019800489186,3.493106985414755,19.74965186795024,1.2505964241499072,0.7721857894912046,0.18455939116388706
4,Wed,13,645936,1.8891021429999966E7,1.3404265109999992E7,2549945.359999999,1.300419335E7,814758,496912,119814,105,246,29.24596466213366,20.751692288400076,3.947674939932128,20.1323247968839,1.2613602586014714,0.7692898367640137,0.1854889648510069
4,Wed,14,695253,2.0964687089999966E7,1.4909901329999998E7,3110201.07,1.4623138216666672E7,876794,538357,124284,105,247,30.15404045721481,21.445288736618178,4.47348097742836,21.032830087272796,1.2611150185615885,0.7743325091729197,0.17876082519600778
4,Wed,15,717111,2.1458418549999975E7,1.525444339E7,3097835.470000001,1.5345216766666675E7,912327,557702,122826,105,247,29.92342684744757,21.272081156194787,4.319882793598203,21.398663200908473,1.272225638708652,0.7777066590806723,0.1712789233465949
4,Wed,16,726862,2.3713078899999965E7,1.553829213E7,2856774.349999999,1.547736411666666E7,917932,570893,115265,104,245,32.62390783945228,21.377224466267325,3.9302843593419374,21.29340110869279,1.262869705666275,0.7854214417592336,0.15857893245210233
4,Wed,17,827955,2.5395505569999978E7,1.6431815010000002E7,3210808.3599999985,1.629852955E7,1018953,659965,109331,105,251,30.672567434220433,19.84626581154773,3.877998635191524,19.68528428477393,1.2306864503505626,0.7971024995319794,0.13204944713178857
4,Wed,18,890977,2.5638454969999988E7,1.6277386649999995E7,2727773.4300000016,1.5318770683333332E7,1085655,717822,107072,104,243,28.775664209064868,18.26914347957354,3.061553137735319,17.193227977078344,1.2184994674385534,0.8056571606225525,0.12017369696411917
4,Wed,19,779827,2.243408786999999E7,1.4185303779999997E7,2875783.04,1.2278354199999997E7,963276,636407,92963,104,246,28.76803171729113,18.190321417442583,3.687719250551725,15.744971897613185,1.2352432013767156,0.8160874142598294,0.11920977344975232
4,Wed,20,727989,1.9996229629999988E7,1.338175706E7,2524657.359999999,1.110205008333333E7,898687,593144,83006,105,246,27.467763427744085,18.381812170238838,3.4679883349885765,15.250299226132991,1.2344788176744428,0.8147705528517601,0.11402095361331009
4,Wed,21,763945,2.0916887299999982E7,1.4129225420000002E7,3128165.489999999,1.1504217850000005E7,934871,609662,81086,104,247,27.380095818416223,18.495082001976584,4.09475222692733,15.058960854511785,1.2237412379163422,0.7980443618323309,0.10614114890469864
4,Wed,22,676276,1.9052921729999993E7,1.3067053069999997E7,2697558.439999999,1.036867245E7,815130,526415,70914,105,244,28.17329275325458,19.322071269718275,3.9888424844294326,15.33201303905506,1.2053214959572718,0.7784026048536397,0.10485955438312168
4,Wed,23,439506,1.322027759E7,9157393.1,1996739.3800000001,6885887.550000001,530855,338830,52282,105,249,30.079856907527997,20.83564979772745,4.5431447579782755,15.667334575637195,1.207844716568147,0.7709337301424781,0.1189562827356168
5,Thu,0,232286,7135830.869999996,4989483.380000001,1109540.1500000004,3507859.883333332,288339,179414,32771,105,240,30.72002130993687,21.479914329748674,4.776612236639317,15.101469237635207,1.241310281291167,0.7723840438080642,0.14108039227504024
5,Thu,1,111121,3294535.1900000004,2314129.6999999997,458335.61999999994,1572710.9,141999,84753,18246,104,229,29.64817802215603,20.82531384706761,4.12465348583976,14.15313847067611,1.2778772689230657,0.762709118888419,0.16419938625462333
5,Thu,2,59485,1644765.6899999995,1150715.79,469040.30999999994,795483.6666666663,75983,43839,10820,105,227,27.65009145162645,19.344637975960328,7.885018239892409,13.372844694740964,1.277347230394217,0.7369757081617214,0.18189459527612004
5,Thu,3,38695,1159359.9999999998,820466.52,215579.15,522848.3666666667,48273,27038,7443,104,221,29.961493733040438,21.203424731877504,5.571240470345006,13.512039453848473,1.2475255200930353,0.6987466080889003,0.19235043287246414
5,Thu,4,39876,1556738.8100000005,1136965.7600000002,742944.1200000001,673626.6833333335,42951,24647,7247,105,236,39.03949267729964,28.512532851840714,18.631360216671684,16.89303549336276,1.0771140535660548,0.6180910823553014,0.18173838900591835
5,Thu,5,75172,2791938.790000001,2022008.74,1432955.9900000005,1268145.1833333329,78066,50088,12276,105,241,37.14067458628214,26.898429468419092,19.06236351301017,16.869914108089887,1.0384983770552865,0.6663119246527962,0.1633054860852445
5,Thu,6,194952,5808583.9799999995,4220864.760000001,1594420.4199999992,3304293.1666666656,203025,140125,27290,104,241,29.794944293980056,21.650789732857323,8.178528150519098,16.949265289233583,1.0414101932783455,0.7187666707702409,0.13998317534572613
5,Thu,7,406846,1.0728332039999992E7,7615036.119999995,3228309.16,6637623.833333337,439719,309363,46767,105,246,26.369515836458984,18.717244657683732,7.934965957635076,16.31483124654866,1.0807996145961862,0.7603933675149811,0.114950128549869
5,Thu,8,554724,1.4460598669999983E7,1.0232166189999994E7,3271492.0699999984,9601598.333333332,605018,427390,61767,104,245,26.068096332590592,18.44550837894159,5.897513123643467,17.30878478907228,1.0906649072331465,0.7704552173693584,0.11134726458563178
5,Thu,9,566443,1.516495102999996E7,1.0661008619999995E7,2122706.95,1.0140869350000003E7,654151,443047,80475,104,243,26.77224545099853,18.820973372431112,3.747432574857488,17.90271810226272,1.15483993976446,0.7821563687785003,0.14207078205574084
5,Thu,10,564347,1.5615976049999977E7,1.0983605429999998E7,1937836.4099999995,1.0582455816666666E7,691383,440934,96882,105,250,27.67087634026579,19.462503442031228,3.4337675401836094,18.75168259362886,1.2251026407511691,0.7813171683379198,0.1716709754813971
5,Thu,11,593006,1.679694110999997E7,1.1869088639999995E7,2137869.0300000017,1.1563061549999995E7,739981,461666,106165,104,247,28.325077840696334,20.01512402909919,3.6051389530628724,19.499063331568305,1.2478474079520274,0.7785182611980317,0.17902854271288993
5,Thu,12,633866,1.8301502399999958E7,1.2966368459999999E7,2229322.2499999995,1.2654591649999997E7,795725,491434,114200,104,251,28.87282548677474,20.4560087778805,3.517024497291225,19.964143288960123,1.255352077568445,0.775296356012154,0.18016426184714118
5,Thu,13,646799,1.9256692009999964E7,1.3673581299999993E7,2757207.020000001,1.3176471416666664E7,817220,497836,118458,104,250,29.77229712785574,21.140387199114397,4.26284984979878,20.37181785479981,1.2634837097769167,0.7696919754050331,0.18314499558595485
5,Thu,14,706712,2.172843065999995E7,1.5470431109999992E7,2867721.649999999,1.5332262949999997E7,896117,545229,125930,105,250,30.74580686333323,21.890715185252255,4.057836360497627,21.695206746170996,1.268008750382051,0.7715009791824675,0.1781913990423256
5,Thu,15,738308,2.2611507639999975E7,1.6135446679999996E7,3146430.9499999993,1.6382217033333339E7,941248,569486,126720,105,248,30.62611760945293,21.854627987235673,4.261677985339451,22.188865667625624,1.2748717337479751,0.771339332636244,0.17163568591969747
5,Thu,16,747152,2.4891287059999976E7,1.6413176029999994E7,2769105.26,1.6668052933333334E7,943633,581507,117636,104,248,33.31489049082379,21.967653208450212,3.7062140769214293,22.308784468666797,1.2629732638070967,0.7782981240764931,0.15744587446731054
5,Thu,17,848001,2.6439493189999983E7,1.7222398269999992E7,3090047.139999999,1.7296458583333332E7,1038792,668031,112127,104,247,31.17861086248717,20.30940797239625,3.643919217076394,20.3967431445639,1.2249891214750925,0.7877714766845794,0.1322250799232548
5,Thu,18,915482,2.6774088569999978E7,1.7151884009999998E7,3173119.9399999995,1.6406282916666666E7,1113017,725963,111958,104,245,29.245892950380213,18.735359089528792,3.4660648052064373,17.92092353172063,1.2157715826198658,0.7929844606447751,0.12229404838107139
5,Thu,19,795607,2.313357388999998E7,1.4742563039999995E7,3193372.590000001,1.3131871449999994E7,982355,641572,94725,104,243,29.076634431320965,18.52995642320894,4.013756276654179,16.505475002105303,1.234723927768358,0.8063931061441139,0.11906003843606203
5,Thu,20,741677,2.0867012019999992E7,1.4076237939999998E7,3026688.1799999997,1.1982699283333337E7,923282,597091,86722,105,249,28.13490511368155,18.978932796891367,4.080871026066602,16.15622337396648,1.2448572626628573,0.8050553003531187,0.1169269102318125
5,Thu,21,772096,2.1564306989999987E7,1.4624666250000006E7,2833614.4800000004,1.2293736666666666E7,969041,617827,85687,104,252,27.92956703570539,18.941512778203755,3.6700287010941652,15.922549354829796,1.2550783840351458,0.8001945353945623,0.11097972272877984
5,Thu,22,726456,2.066562658999999E7,1.4195309899999997E7,2828295.34,1.1734386233333338E7,891303,569247,75166,105,244,28.4471827474754,19.540495088484363,3.8932782439679756,16.152920800892744,1.226919455548581,0.7835946017377515,0.1034694461880692
5,Thu,23,554527,1.6366336009999994E7,1.1352374249999996E7,2419647.42,8948226.600000003,665683,424086,59759,105,250,29.514047124846932,20.4721758363434,4.363443835917818,16.1366833355274,1.2004519166785386,0.7647706964674398,0.1077657174492856
6,Fri,0,345222,9971700.46,6933196.290000001,1315906.6799999997,5286124.933333334,420940,264696,40716,104,247,28.884892793622658,20.083297964787878,3.8117694700801215,15.312248157224435,1.2193313288260887,0.7667414011853242,0.11794149851399968
6,Fri,1,187408,5106738.380000001,3527006.08,690959.9500000004,2592869.316666668,240885,148062,24479,104,234,27.249308353965684,18.819933407325195,3.6869287863911917,13.835424937391508,1.2853506787330318,0.7900516520105866,0.13061875693673697
6,Fri,2,106661,2731189.560000001,1875964.31,374554.56,1378752.2666666666,138990,82770,15724,104,229,25.606262457693074,17.588099774050498,3.511635555638893,12.926489219739798,1.3031004772128518,0.77600997552995,0.14742033170512184
6,Fri,3,65258,1825785.25,1274911.5600000003,443114.72000000026,862128.8166666664,82922,48105,10694,104,226,27.977952894664256,19.536479205614643,6.79019767691318,13.211082421567722,1.2706794569248214,0.7371510006435993,0.1638726286432315
6,Fri,4,56155,2051470.54,1484614.8799999997,545860.9099999998,883464.4333333333,59520,34560,8877,104,231,36.53228635028047,26.437803935535566,9.72061098744546,15.732604992134865,1.0599234262309678,0.6154394087792716,0.15808031341821743
6,Fri,5,77963,3041432.660000001,2205455.4200000004,1631394.8500000008,1321311.2333333336,79382,50615,12140,104,240,39.0112317381322,28.28848838551621,20.92524466734221,16.94792700811069,1.0182009414722368,0.6492182188987083,0.15571489039672665
6,Fri,6,173295,5545307.330000002,4050712.7100000004,1977146.7700000005,2975191.3333333335,179431,121785,24940,104,240,31.99923442684441,23.37466580109063,11.409139155774838,17.168362233955587,1.0354078305779162,0.702761187570328,0.14391644305952278
6,Fri,7,331960,9217289.67999999,6581658.299999999,3757067.1999999974,5530910.833333332,365304,249285,42141,104,246,27.766266056151313,19.8266607422581,11.317831063983604,16.661377374784106,1.100445836847813,0.7509489095071695,0.12694601759248103
6,Fri,8,436917,1.1627897049999975E7,8190893.099999999,2308541.05,7256282.533333333,501780,338515,56821,104,251,26.613514809448876,18.74702311880746,5.2837061730259975,16.607919887148665,1.1484561140903191,0.774781022482531,0.1300498721725179
6,Fri,9,473995,1.2913657639999976E7,9062308.379999993,2187922.98,8147569.233333332,574398,369684,75530,104,249,27.244290846949813,19.11899572780302,4.615919956961571,17.189145947390443,1.211822909524362,0.7799322777666431,0.15934767244380216
6,Fri,10,509548,1.4149304219999975E7,9936239.419999998,2052290.4,9106844.499999994,641951,392012,93291,104,250,27.76834414029684,19.500104838013293,4.0276684434047425,17.8723976936422,1.2598440186204243,0.7693328204604866,0.1830857936838139
6,Fri,11,547784,1.5365804029999971E7,1.0829565929999996E7,2170833.2399999998,1.0190221083333332E7,695465,418000,102056,104,247,28.05084491332345,19.76977408978721,3.9629365589356382,18.602626369761314,1.2695971404787287,0.7630744965168753,0.18630701152279
6,Fri,12,590329,1.6672487229999969E7,1.1771926419999987E7,2248296.2499999995,1.1019946399999999E7,748300,445933,109646,104,244,28.242704034529844,19.941297852553383,3.8085478605997665,18.667465769088082,1.2675982375929356,0.7553974139844053,0.18573710591890286
6,Fri,13,617766,1.790674631999997E7,1.2691059549999997E7,2463574.8600000003,1.1955682549999999E7,786712,463427,114569,104,245,28.986293062421645,20.54347366154822,3.987877060246113,19.35309251399397,1.2734789548146062,0.7501659204294182,0.18545695295629736
6,Fri,14,691549,2.0700793279999968E7,1.4738728359999996E7,3347359.3500000015,1.4328043716666663E7,884769,520619,123729,104,244,29.933950132239318,21.312630572815515,4.840379134378043,20.718768614612504,1.279401748827632,0.7528302405180255,0.17891573843646655
6,Fri,15,718210,2.140419510999997E7,1.528189033999999E7,3611270.4100000006,1.5314867649999995E7,924301,541219,124486,104,247,29.802140195764427,21.2777465365283,5.02815389649267,21.323662508180053,1.2869508918004484,0.753566505618134,0.17332813522507345
6,Fri,16,711690,2.333135275999998E7,1.5443874449999994E7,2691713.95,1.4816656766666668E7,920801,544193,116033,104,248,32.78302738551895,21.700283058635073,3.7821438407171666,20.818975630775572,1.2938231533392348,0.7646489342269809,0.16303868257246834
6,Fri,17,788165,2.3751873159999974E7,1.5354843239999993E7,3164544.3600000003,1.469224025E7,1006649,606975,115619,104,250,30.13566088319067,19.481762372092128,4.015078517823045,18.641071666465777,1.2772059150051067,0.7701115883095545,0.14669390292641768
6,Fri,18,847388,2.408190452999997E7,1.5389116509999989E7,3078139.5000000014,1.4243466599999998E7,1073399,649764,116642,104,245,28.418982248981543,18.1606495607679,3.6325030564511196,16.808671588457706,1.2667148932956331,0.7667845190160824,0.13764886923109604
6,Fri,19,778659,2.204578573999999E7,1.412884116999999E7,3218917.3199999994,1.2590779783333328E7,999758,594619,103985,104,246,28.312503599136452,18.14509454074247,4.133924246685647,16.16982502396213,1.283948429286761,0.7636449331478863,0.13354369499357227
6,Fri,20,629082,1.745615538999999E7,1.1829559749999994E7,2343964.0200000005,1.0175668766666668E7,840542,489398,86630,104,249,27.74861685757976,18.804479781650077,3.7260071342050805,16.17542509031679,1.336140598522927,0.7779558149811948,0.13770859760730716
6,Fri,21,628354,1.7574308279999986E7,1.1919818519999996E7,2656538.2700000005,1.0217016666666668E7,875803,503579,85525,104,243,27.96880147178181,18.969909509607636,4.227773309312904,16.259969168122854,1.3938050843951022,0.8014256295018413,0.13610958154161507
6,Fri,22,672507,1.88477293E7,1.2875343049999997E7,2504093.0600000005,1.1162877116666663E7,929165,540604,82747,104,246,28.026071550184607,19.14529224231123,3.7235196957057703,16.59890100276527,1.381643611144568,0.8038637516040725,0.12304258543033753
6,Fri,23,646655,1.815898373999998E7,1.25429433E7,2454623.7299999995,1.064778561666667E7,843647,500586,70477,105,251,28.081409314085533,19.396654011799182,3.7958783740943773,16.46594492684147,1.3046323000672693,0.7741160278664821,0.10898701780702229
7,Sat,0,563198,1.4940646069999985E7,1.0306379989999993E7,2057665.4400000004,8794479.683333328,710955,432498,53423,104,250,26.528229983060992,18.299745364862787,3.653538258303475,15.615253753268528,1.2623535594941744,0.7679324145327221,0.0948565158256954
7,Sat,1,450594,1.0997933669999998E7,7478106.880000002,1472318.8600000003,6367073.016666666,574709,353402,38385,104,248,24.40763452243039,16.59610842576688,3.2675065802030216,14.130399021439846,1.275447520384204,0.7843024984797845,0.08518755243079136
7,Sat,2,328743,7766009.790000003,5259188.480000001,929485.02,4375647.350000001,421694,257930,28673,104,236,23.62334647429756,15.997872137201405,2.827391062319198,13.310237328247295,1.2827467048728034,0.7845946529659947,0.08722010810876582
7,Sat,3,208621,5077353.8900000015,3474369.0300000026,1061262.6600000004,2781523.716666667,264483,159061,21526,104,229,24.337693185249815,16.65397553458186,5.0870365878794574,13.332903766479246,1.267767866130447,0.762440022816495,0.10318232584447395
7,Sat,4,111782,3181819.71,2269936.34,486683.8900000001,1576277.0166666666,130499,73587,15994,104,241,28.46450868655061,20.30681451396468,4.353866364888802,14.10134920350921,1.167441985292802,0.658308135477984,0.14308207045857116
7,Sat,5,52973,2084571.060000001,1528462.4800000002,415675.81999999983,851700.05,59324,32121,11481,104,240,39.351576463481415,28.8536137277481,7.846937496460458,16.078002944896458,1.1198912653615993,0.606365506956374,0.21673305268721801
7,Sat,6,91336,3298229.8200000008,2446851.75,822759.5499999998,1380672.183333333,102040,58243,19816,104,247,36.110950994131564,26.789565450643778,9.008053232022421,15.116407367668096,1.1171936585793116,0.637678461942717,0.2169571691337479
7,Sat,7,140667,4514251.83,3281101.1700000004,1353200.84,2012399.3833333321,165909,98220,28624,104,245,32.091761607199984,23.325308494529637,9.619888388890073,14.30612285278944,1.1794450724050416,0.6982447908891212,0.2034876694604989
7,Sat,8,228135,6302907.229999999,4468548.91,1238209.5299999996,3068615.1999999993,280972,167030,42636,104,241,27.627971288929793,19.587300984066452,5.4275298836215375,13.450874263046,1.2316040940671094,0.7321542069388739,0.18688934183707015
7,Sat,9,350712,8921093.559999997,6216954.440000002,1341639.01,4755479.616666666,450405,261455,63824,104,243,25.43709242911562,17.726665868290798,3.8254722108168524,13.559500720439182,1.284258879080271,0.7454977303314401,0.18198407810397135
7,Sat,10,460009,1.1475439949999988E7,7965031.3699999945,1891827.1599999997,6498026.8,606620,346931,82518,104,248,24.946120510685635,17.31494681625793,4.112587275466349,14.125868841696574,1.3187133295218136,0.7541830703312327,0.1793834468456052
7,Sat,11,542907,1.3631494729999984E7,9513724.069999995,2311362.5200000005,8223804.683333337,724341,409504,96520,104,247,25.108342183836243,17.52367177067158,4.257382056226942,15.147722691608944,1.3341898336179125,0.7542801990027758,0.17778367197328457
7,Sat,12,612920,1.5788138139999986E7,1.110600643E7,2637733.779999999,9943199.333333341,820242,459828,107354,104,248,25.758888827253127,18.119830369379365,4.303553122756639,16.222670712871732,1.3382529530770737,0.7502251517326894,0.17515173268942114
7,Sat,13,643353,1.727480995999998E7,1.2254662379999999E7,2303117.490000001,1.1088090650000004E7,866437,479490,112625,104,247,26.851215366991337,19.048115700089994,3.579865936740796,17.234847198971643,1.3467520941069677,0.7452984597880169,0.1750594152821235
7,Sat,14,643393,1.8117238819999985E7,1.2911479999999993E7,2991720.3000000007,1.1625217483333334E7,881403,485777,112486,105,254,28.15889949066898,20.067796820916598,4.649911174041373,18.068610450118875,1.369929421053695,0.7550237568640007,0.1748324896292002
7,Sat,15,677229,1.9342306229999974E7,1.3877550849999996E7,3197491.6099999994,1.2642452849999998E7,935837,513696,117295,105,251,28.5609538723238,20.491666555921256,4.721433385162182,18.667914176740805,1.381861969880203,0.75852628874428,0.17319843066377844
7,Sat,16,708303,1.9995224149999976E7,1.432458997999999E7,3055006.9999999986,1.3531637433333334E7,980188,534070,120706,104,250,28.229760639161455,20.223816615205624,4.31313576251971,19.104306254997272,1.3838540850455243,0.7540134659884259,0.1704157683929053
7,Sat,17,735736,2.0147308809999984E7,1.4453987839999994E7,3381501.0999999996,1.3672721316666659E7,1001316,549398,118867,104,252,27.383883363054117,19.645617232268087,4.596079436102079,18.58373291053674,1.3609718703447975,0.7467325236226038,0.16156202768384312
7,Sat,18,756834,2.011202652999999E7,1.4391211440000001E7,2947441.3000000007,1.3558634966666667E7,1019819,565511,116665,104,247,26.57389405074295,19.01501708432761,3.894435635819745,17.914939031104137,1.347480425033759,0.7472061244605819,0.15414873010462005
7,Sat,19,738348,1.9455608619999986E7,1.394885523E7,3087446.6800000006,1.3009291100000005E7,991774,547617,107540,104,247,26.35018801432385,18.89197943246274,4.18156029406188,17.619457356151848,1.3432338138655484,0.7416787206032928,0.14564947694041291
7,Sat,20,615318,1.6969425469999995E7,1.1773805369999997E7,2595801.169999999,1.052181681666667E7,835629,461761,88333,104,246,27.57830173991334,19.134505036420187,4.218633568333771,17.09980338079931,1.3580441332774273,0.7504428604396426,0.14355666500898723
7,Sat,21,612522,1.6905288649999995E7,1.1647594969999997E7,2707813.9100000006,1.0235021600000003E7,853470,475009,84872,104,250,27.59947993704715,19.01579856723513,4.420761882838495,16.709639163981056,1.3933703605748038,0.7754970433715034,0.13856155370745868
7,Sat,22,677039,1.880581564999999E7,1.3030407219999999E7,3150529.5300000003,1.1531336349999998E7,928104,524572,84196,105,252,27.776561837648927,19.246169304870175,4.653394457335545,17.032011966814316,1.370827972982354,0.7748032240387924,0.12435915803964026
7,Sat,23,680002,1.8949316560000006E7,1.3267678459999997E7,2559834.4499999983,1.1404316700000001E7,875487,507557,74687,105,253,27.866560039529304,19.511234466957447,3.7644513545548373,16.77100464410399,1.287477095655601,0.7464051576318893,0.10983350048970444
