hour,PULocationID,pickup_zone,pickup_borough,total_trips,total_revenue,total_fare_amount,total_trip_distance,total_trip_duration_min,total_passenger_count,credit_card_trip_count,cash_trip_count,active_days,active_pickup_zones,avg_revenue_per_trip,avg_fare_amount,avg_trip_distance,avg_trip_duration_min,avg_passenger_count,credit_card_share,cash_share,zone_rank_in_hour
0,132,JFK Airport,Queens,161989,1.237240283999999E7,9799262.040000001,2493849.09,5099142.1833333345,226706,119835,36099,734,1,76.37804320046418,60.49337942699813,15.395175536610509,31.478323733916096,1.3995147818679046,0.7397724536851268,0.2228484650192297,1
0,79,East Village,Manhattan,153543,3559295.36,2373252.7,475408.16000000003,2164239.7000000007,195350,123338,10592,733,1,23.181098193991257,15.456599779866227,3.0962542089186744,14.095332903486325,1.2722820317435506,0.8032798629699823,0.06898393283966055,2
0,249,West Village,Manhattan,141383,3332246.4299999997,2222566.1799999997,531159.6900000001,2127501.5,177961,114329,9467,731,1,23.56893282785059,15.720179795307779,3.756885127632035,15.047788630882073,1.2587156871759688,0.808647432859679,0.0669599598254387,3
0,114,Greenwich Village South,Manhattan,103497,2380402.45,1582455.41,253172.70999999996,1481516.2833333332,134945,82730,8222,731,1,22.99972414659362,15.289867435771084,2.4461840439819507,14.314581904145369,1.303854217996657,0.7993468409712359,0.07944191619080747,4
0,48,Clinton East,Manhattan,93094,2284019.9,1531003.9600000002,322546.22,1314418.0666666667,122573,73430,11722,731,1,24.534555395621627,16.44578555008916,3.464736932562786,14.119256522081624,1.3166584312630245,0.7887726384084903,0.1259157410789095,5
0,148,Lower East Side,Manhattan,87859,2195467.4400000004,1505039.77,253751.53000000006,1364345.9666666666,113849,70447,5757,731,1,24.9885320798097,17.130171866285753,2.888167746047645,15.528812832682668,1.2958148852138085,0.8018188233419457,0.06552544417760275,6
0,230,Times Sq/Theatre District,Manhattan,79565,1962534.0799999998,1329537.25,221595.25999999998,1171504.5166666666,105597,58223,13903,730,1,24.665796267202914,16.710076666876137,2.7850846477722615,14.723867487798236,1.3271790360082951,0.7317664802362848,0.17473763589518004,7
0,186,Penn Station/Madison Sq West,Manhattan,74754,1905000.5300000005,1284977.6400000001,216173.33000000002,1129196.1333333333,96912,60977,8618,731,1,25.483593252534988,17.189416486074325,2.8917961580651204,15.105494466293887,1.296412232121358,0.8157021697835567,0.1152848008133344,8
0,138,LaGuardia Airport,Queens,70000,4196107.050000001,2703910.11,651698.0499999999,1441068.3166666667,91803,57683,10578,726,1,59.94438642857144,38.62728728571428,9.309972142857141,20.586690238095237,1.3114714285714286,0.8240428571428572,0.1511142857142857,9
0,234,Union Sq,Manhattan,66356,1504479.3699999999,1001057.19,161861.75,900541.7166666669,80698,50262,6520,731,1,22.672846012417864,15.086159352583037,2.4392933570438244,13.571368326401032,1.2161371993489662,0.7574597624932184,0.09825788172885647,10
1,79,East Village,Manhattan,142821,3242282.7799999993,2155379.7100000004,414445.49,2018278.5999999999,183047,114950,9739,731,1,22.70172299591796,15.091476113456707,2.901852598707473,14.131525475945413,1.2816532582743434,0.8048536279678759,0.06819025213378985,1
1,249,West Village,Manhattan,118195,2734435.4699999997,1818987.68,303663.43,1682192.933333333,150555,95250,8104,731,1,23.13495046321756,15.389717669952198,2.5691732306781168,14.232352750398352,1.2737848470747493,0.8058716527771902,0.06856466009560472,2
1,148,Lower East Side,Manhattan,96034,2325122.42,1586891.3699999999,269133.02,1513953.9166666663,126484,77525,5895,731,1,24.211450319678445,16.524266093258635,2.8024764146031615,15.764769942589773,1.3170752025324364,0.8072661765624675,0.061384509652831286,3
1,114,Greenwich Village South,Manhattan,91383,2068057.6000000003,1370946.8800000001,309700.0400000001,1293659.7000000004,119996,74034,6499,731,1,22.63065996957859,15.002209163629999,3.3890334088397194,14.156459078822104,1.313110753641268,0.8101506844817964,0.07111826050797194,4
1,132,JFK Airport,Queens,76528,5636505.9399999995,4506406.000000001,1140243.88,2225865.05,109018,53279,19871,728,1,73.65285830022998,58.88571503240645,14.89969527493205,29.085629442818313,1.4245504913234373,0.6962026970520594,0.2596565962784863,5
1,48,Clinton East,Manhattan,63736,1543407.11,1028504.55,189602.71000000002,834842.7333333332,85350,51010,8378,731,1,24.215625549140206,16.136948506338648,2.974813449228066,13.098448809673233,1.3391176101418352,0.8003326220660223,0.13144847495920672,6
1,158,Meatpacking/West Village West,Manhattan,45228,1049847.28,709889.24,175585.56999999998,670964.85,56013,34868,2489,723,1,23.2123304147873,15.695791102856637,3.882231582205713,14.835165163173254,1.2384584770496152,0.7709383567701424,0.05503228088794552,7
1,144,Little Italy/NoLiTa,Manhattan,42916,962757.42,643907.8900000001,111451.68000000001,611769.3666666667,53918,33791,2868,730,1,22.433531083978004,15.00391206076988,2.5969726908379163,14.255041631714668,1.2563612638642931,0.7873753378693261,0.06682822257433126,8
1,230,Times Sq/Theatre District,Manhattan,41912,1034912.4799999999,704556.2200000002,124058.76,594557.7833333333,55971,30751,7864,731,1,24.69251002099637,16.81036982248521,2.959981866768467,14.185860453648916,1.3354409238404275,0.733703951135713,0.18763122733346058,9
1,107,Gramercy,Manhattan,39578,846343.1,546052.41,92110.03,479723.68333333347,50590,32236,3282,730,1,21.38418060538683,13.796867198948911,2.327303805144272,12.12096829888659,1.278235383293749,0.8144929000960129,0.08292485724392339,10
2,79,East Village,Manhattan,106296,2407201.5099999993,1602988.78,294895.18,1397391.566666667,136814,85117,8156,729,1,22.646209735079395,15.080424286896967,2.774282945736434,13.146229083565391,1.2871039361782193,0.8007544968766463,0.07672913373974562,1
2,148,Lower East Side,Manhattan,83796,2001062.58,1364957.9399999997,249307.41000000006,1221275.5666666667,110998,66953,5856,727,1,23.880168265788345,16.289058427609906,2.975170771874553,14.574389787897593,1.3246217003198244,0.7989999522650246,0.06988400400973793,2
2,249,West Village,Manhattan,78597,1826697.2,1219379.8,251476.76,1070545.4666666668,99951,62524,6047,729,1,23.24130946473784,15.514330063488428,3.1995719938420044,13.620691205347109,1.2716897591511127,0.7955011005509116,0.07693677875745894,3
2,114,Greenwich Village South,Manhattan,66197,1484748.7200000002,986433.95,199234.58000000002,860989.7,86685,53127,4873,729,1,22.42924482982613,14.901490248802816,3.009722192848619,13.006476124295663,1.3095004305331057,0.8025590283547592,0.07361360786742602,4
2,48,Clinton East,Manhattan,45054,1099090.8800000001,735417.76,135405.80999999997,571244.6000000001,60747,35941,6427,729,1,24.394967816398104,16.323029253784348,3.0054115061925684,12.679109513028813,1.3483153549074445,0.797731610955742,0.14265104097305456,5
2,144,Little Italy/NoLiTa,Manhattan,36076,786419.66,521974.73999999993,86691.44,474868.26666666666,45496,28439,2446,715,1,21.798970506708063,14.468753187714823,2.4030225080385854,13.162996636729867,1.2611154229958976,0.7883080164098015,0.06780130834904091,6
2,158,Meatpacking/West Village West,Manhattan,31897,738660.5700000001,500818.81999999995,349007.92,450846.8,39909,24395,2047,695,1,23.157681600150486,15.701126124713921,10.941716148854123,14.134457785998682,1.2511834968805844,0.7648054675988337,0.0641753142928802,7
2,246,West Chelsea/Hudson Yards,Manhattan,29211,664831.3800000001,434252.52999999997,76603.41,365312.63333333336,37295,23947,3226,724,1,22.759624114203557,14.866061757557084,2.62241655540721,12.505995458331908,1.2767450617917908,0.8197939132518571,0.11043784875560576,8
2,68,East Chelsea,Manhattan,28934,685321.13,465731.32999999996,80538.24,390842.7833333333,36683,21673,3658,729,1,23.68566841777839,16.096334070643532,2.783515587198452,13.508079882952005,1.2678164097601439,0.7490495610700214,0.12642565839496786,9
2,132,JFK Airport,Queens,25945,1830478.33,1481375.2300000004,371503.39999999997,700566.6,37695,16449,8192,724,1,70.5522578531509,57.09675197533245,14.318882250915397,27.00198882250915,1.4528810946232416,0.6339949894006552,0.3157448448641357,10
3,79,East Village,Manhattan,68986,1588900.6200000003,1067550.7499999998,192661.58000000005,917701.6666666666,88026,53631,6687,731,1,23.03221842112893,15.474889832719679,2.7927634592526025,13.302723257859082,1.2759980285855101,0.7774186066738179,0.09693271098483751,1
3,148,Lower East Side,Manhattan,56744,1374605.0900000003,946186.2000000001,169995.86,817047.9833333333,74465,44408,4525,721,1,24.224677322712537,16.674647539828,2.995838502749189,14.398843636919027,1.3122973354010996,0.7826025659100522,0.07974411391512759,2
3,249,West Village,Manhattan,45958,1086065.9600000004,728988.01,195248.94,637790.5833333334,58651,35851,4440,731,1,23.631706340571835,15.862048174420122,4.2484211671526175,13.8776836096726,1.2761869533051917,0.7800818138300187,0.09660994821358632,3
3,48,Clinton East,Manhattan,34022,888124.81,603068.03,122970.25,439827.81666666665,45525,26116,5327,730,1,26.10442684145553,17.72582534830404,3.61443330785962,12.92774724198068,1.3381047557462817,0.7676209511492563,0.1565751572511904,4
3,114,Greenwich Village South,Manhattan,32078,735657.97,493912.80000000005,324863.48999999993,435797.9166666666,41465,25094,2919,727,1,22.933411372280066,15.397244217220527,10.127298771743872,13.585570068790656,1.2926304632458383,0.7822806908161357,0.09099694494669244,5
3,246,West Chelsea/Hudson Yards,Manhattan,31290,714634.8099999999,467146.74000000005,84084.98,400419.3499999999,40229,25605,3595,727,1,22.8390798977309,14.929585810162992,2.6872796420581655,12.797038990092679,1.285682326621924,0.8183125599232982,0.11489293704058805,6
3,144,Little Italy/NoLiTa,Manhattan,24252,536728.25,358322.38,61640.409999999996,315778.4,30351,19091,1676,648,1,22.1312984496124,14.774962064984331,2.541662955632525,13.020715817252187,1.2514844136566057,0.787192808840508,0.06910770245752927,7
3,68,East Chelsea,Manhattan,22711,552208.41,378528.35,101254.76999999997,294008.6166666667,28723,16549,3052,730,1,24.314579278763595,16.667181101668795,4.458402095900664,12.945648217457034,1.264717537757034,0.728677733257012,0.13438421910087622,8
3,230,Times Sq/Theatre District,Manhattan,18915,643108.06,450265.92999999993,91727.09,292783.5333333333,25936,13124,4205,730,1,33.99989743589744,23.804701559608773,4.849436426116839,15.478907392721826,1.371186888712662,0.6938408670367433,0.22231033571239756,9
3,158,Meatpacking/West Village West,Manhattan,17608,424416.25,289237.56,320665.66000000003,255910.09999999998,22401,13350,1395,674,1,24.103603475692868,16.42648568832349,18.2113618809632,14.533740345297591,1.2722058155383917,0.758178100863244,0.07922535211267606,10
4,79,East Village,Manhattan,32133,803939.48,558588.41,209029.62,422296.4166666667,36823,21267,4710,731,1,25.01912301994834,17.383637070923974,6.505138642517038,13.14214099731325,1.145955870911524,0.6618429651759873,0.14657828400709552,1
4,48,Clinton East,Manhattan,27527,812560.3899999999,566454.25,138291.24,370835.4666666667,33893,18591,5146,731,1,29.518668579939693,20.578132379118685,5.023839866313074,13.471699301292064,1.2312638500381443,0.675373269880481,0.18694372797616884,2
4,148,Lower East Side,Manhattan,25839,666255.32,470698.46000000014,160091.72999999995,367554.00000000006,32451,18057,2973,708,1,25.784872479585122,18.2165896513023,6.195740160222917,14.224776500638573,1.2558922558922558,0.6988273539997678,0.1150586323000116,3
4,230,Times Sq/Theatre District,Manhattan,19899,910321.01,643246.49,228978.99999999997,363904.35,27142,13629,4260,731,1,45.747073219759784,32.32556862153877,11.507060656314387,18.287569727121966,1.363988140107543,0.6849087893864013,0.21408110960349766,4
4,249,West Village,Manhattan,18358,497248.83999999997,348504.5200000001,95688.04000000004,276883.9666666667,21642,12442,2730,729,1,27.086220721211458,18.98379562043796,5.212334676980065,15.082469041653049,1.178886588953045,0.6777426734938446,0.1487090096960453,5
4,68,East Chelsea,Manhattan,15049,424601.57000000007,297782.80000000005,56721.149999999994,211537.55000000005,18029,9957,2301,730,1,28.214603628148055,19.787547345338563,3.769097614459432,14.056585155159814,1.198019801980198,0.6616386470861851,0.15290052495182405,6
4,164,Midtown South,Manhattan,14031,439451.96,306405.2599999999,127151.45000000001,206777.56666666668,16285,9115,2274,730,1,31.320074121587915,21.837735015323204,9.062180172475234,14.737193832703776,1.1606442876487777,0.649632955598318,0.16206970280094077,7
4,132,JFK Airport,Queens,13583,940057.5500000002,766675.31,175116.76000000004,324666.0,19375,8114,4795,728,1,69.20838916292425,56.443739232864615,12.892347787675774,23.902377972465583,1.426415372156372,0.5973643524994479,0.35301479790915113,8
4,246,West Chelsea/Hudson Yards,Manhattan,13394,326023.70999999996,221022.62,40375.37,180966.73333333334,16468,9672,1778,659,1,24.34102657906525,16.501614155592055,3.014437061370763,13.511029814344731,1.2295057488427654,0.7221143795729431,0.13274600567418246,9
4,144,Little Italy/NoLiTa,Manhattan,12956,301797.14,206436.77999999997,36920.13999999999,170803.0,15372,9389,1067,615,1,23.29400586600803,15.933681691880208,2.849655757949984,13.183312750849028,1.1864773078110529,0.7246835443037974,0.08235566532880519,10
5,132,JFK Airport,Queens,48242,3540085.23,2816291.95,686331.1499999999,1402547.1,65570,32678,13498,730,1,73.3818090046018,58.37842440197339,14.22683864682227,29.073154098088803,1.3591890883462543,0.6773765598441193,0.2797976866630737,1
5,186,Penn Station/Madison Sq West,Manhattan,31008,634093.0800000001,395420.17999999993,88595.48999999998,280233.81666666665,35987,23534,6189,731,1,20.44933823529412,12.752198787409698,2.857181695046439,9.037468287753697,1.1605714654282766,0.7589654282765738,0.199593653250774,2
5,48,Clinton East,Manhattan,27678,716443.3299999998,476052.23,127881.47000000002,304196.8333333333,33229,18681,6462,731,1,25.884938579377117,17.19966146397861,4.620329142279067,10.990564106269721,1.2005563985837127,0.6749403858660308,0.23347062649035336,3
5,100,Garment District,Manhattan,25497,557850.6199999999,352613.20000000007,63415.29000000001,244967.66666666663,29926,18778,5555,729,1,21.879068910067847,13.829595638702596,2.4871667254971177,9.607705481690655,1.1737067105934031,0.7364788014276189,0.21786876887476958,4
5,230,Times Sq/Theatre District,Manhattan,18245,973529.5900000001,679506.3500000001,152015.31000000003,370507.5333333333,25285,12937,3903,730,1,53.35870594683475,37.24342833653056,8.331888736640177,20.307346304923723,1.3858591394902713,0.7090709783502329,0.21392162236229104,5
5,162,Midtown East,Manhattan,15282,522828.78999999986,347197.77999999997,72307.65999999999,194438.94999999998,18097,11927,2604,729,1,34.212065829079954,22.71939405836932,4.731557387776468,12.723396806700693,1.1842036382672425,0.7804606726868211,0.17039654495484885,6
5,263,Yorkville West,Manhattan,12918,393693.7699999999,263505.57,279369.4700000001,155168.31666666668,11864,8350,1663,730,1,30.476371729369863,20.398325592196937,21.62637172936988,12.011791040924809,0.918408422356402,0.6463848893017495,0.12873509831243227,7
5,262,Yorkville East,Manhattan,10941,361151.94999999995,241135.23000000004,167913.63999999998,136543.4666666667,9831,7190,1120,730,1,33.00904396307467,22.03959692898273,15.347193126770861,12.479980501477625,0.8985467507540444,0.6571611370075862,0.10236724248240563,8
5,239,Upper West Side South,Manhattan,10772,386059.48,262622.7700000001,683503.7799999999,159276.3833333333,9897,6722,1444,731,1,35.839164500557,24.380130894912742,63.45189194207203,14.786147728679289,0.918770887486075,0.6240252506498329,0.13405124396583737,9
5,170,Murray Hill,Manhattan,10657,393473.87999999995,267648.68999999994,55441.14,142153.45,12171,7187,2006,730,1,36.92163648306277,25.114824997654118,5.202321478840199,13.338974383034627,1.1420662475368302,0.6743924181289294,0.18823308623439994,10
6,132,JFK Airport,Queens,111327,8413973.419999996,6703234.44,1661717.43,4370541.666666666,154299,76045,31259,729,1,75.57891095601244,60.21211781508529,14.926454768385028,39.25859554884858,1.3859980058745858,0.6830777798737054,0.28078543390192856,1
6,186,Penn Station/Madison Sq West,Manhattan,73301,1339866.08,869405.34,140782.49,742163.35,81992,57216,13647,730,1,18.278960450744194,11.860756879169452,1.9206080408179969,10.124873466937695,1.1185659131526173,0.7805623388494017,0.1861775419162085,2
6,100,Garment District,Manhattan,50344,989385.3500000001,650174.68,106476.16999999998,501197.0833333334,58579,38815,9876,730,1,19.65249781503258,12.914640870808837,2.114972389957095,9.955448183166482,1.1635746067058637,0.7709955506117909,0.19617034800572064,3
6,48,Clinton East,Manhattan,48487,1058867.88,711256.79,140824.73,553829.7666666667,57278,35728,9758,731,1,21.838180955720087,14.669020355971705,2.904381174335389,11.42223207595163,1.181306329531627,0.7368573019572257,0.20124981953925794,4
6,236,Upper East Side North,Manhattan,43761,992782.06,658304.5000000001,240905.4099999999,450029.5333333333,46637,33472,5290,731,1,22.686457347866824,15.043177715317295,5.505025250794083,10.283803691262387,1.0657206188158406,0.7648819725326204,0.12088389204999886,5
6,162,Midtown East,Manhattan,41471,1004976.7099999998,663773.48,156072.53,463536.8333333334,48341,32780,7166,729,1,24.233240336620767,16.005726411227123,3.7634137107858505,11.177372943341934,1.165657929637578,0.790431868052374,0.17279544742108943,6
6,262,Yorkville East,Manhattan,36068,843576.7499999998,567931.84,382661.05000000005,385645.61666666676,34084,25430,3448,731,1,23.388509204835305,15.746141732283464,10.609433569923478,10.692181897157225,0.9449927913940335,0.7050571143395807,0.0955972052789176,7
6,263,Yorkville West,Manhattan,34904,795469.2100000002,542690.98,623452.91,363304.5833333334,33110,23888,4309,731,1,22.790201982580797,15.548102796241118,17.86193301627321,10.408680475972192,0.9486018794407518,0.6843914737565895,0.12345289938115975,8
6,238,Upper West Side North,Manhattan,31540,805295.1599999999,565231.73,305627.02999999997,395480.01666666666,30486,21966,3753,731,1,25.532503487634745,17.921107482561826,9.690140456563093,12.53899862608328,0.9665821179454661,0.6964489537095752,0.11899175649968294,9
6,239,Upper West Side South,Manhattan,29854,815930.8099999998,560787.86,307740.96,399603.99999999994,29856,21915,2671,731,1,27.33070308836336,18.784345816306022,10.308198566356268,13.38527500502445,1.0000669926977959,0.7340724860990152,0.0894687479064782,10
7,236,Upper East Side North,Manhattan,134986,2729742.6199999996,1790225.4600000002,449481.49,1429024.2500000002,153745,112431,11714,731,1,20.222412842813327,13.262304683448656,3.3298378350347444,10.586462670202838,1.1389699672558635,0.8329085979286741,0.08677936971241462,1
7,132,JFK Airport,Queens,122632,9788985.939999994,7758419.710000002,1880032.1899999995,6095071.516666667,174552,86255,32455,732,1,79.8240747928762,63.26586625024465,15.330681959031896,49.70212927022854,1.4233805205819037,0.7033645378041621,0.26465359775588754,2
7,186,Penn Station/Madison Sq West,Manhattan,107803,2087439.5200000003,1371915.9700000002,199237.21,1246185.4666666668,121966,86324,18055,729,1,19.36346409654648,12.726139068486036,1.8481601625186683,11.559840326026796,1.1313785330649426,0.8007569362633693,0.16748142445015446,3
7,237,Upper East Side South,Manhattan,92617,1761441.9400000004,1134485.6199999999,186236.78000000003,964400.1666666666,110615,76397,11283,731,1,19.018559659673713,12.249215802714403,2.0108271699579996,10.412776991984913,1.194327175356576,0.8248701642247104,0.12182428711791572,4
7,162,Midtown East,Manhattan,76689,1728571.88,1141814.96,189490.73999999996,908875.9000000001,90549,63469,10744,730,1,22.540023732217136,14.888901406981445,2.4708985643312595,11.851450664371685,1.1807299612721511,0.8276154337649467,0.14009831918528082,5
7,262,Yorkville East,Manhattan,73696,1646519.3699999999,1121265.01,757299.4499999998,843655.9833333334,76579,55792,7029,731,1,22.3420452941815,15.214733635475467,10.275991234259658,11.447785271023303,1.0391201693443335,0.7570560138949197,0.09537831089882762,6
7,239,Upper West Side South,Manhattan,72469,1718389.6200000003,1169034.12,883971.7999999997,948520.0166666666,77906,55709,5526,730,1,23.71206474492542,16.13150616125516,12.197930149443206,13.088631230825133,1.0750251831817743,0.7687286977880197,0.07625329451213622,7
7,238,Upper West Side North,Manhattan,68616,1598811.5699999998,1113165.06,1048651.3,896529.8333333334,73977,51442,7451,731,1,23.300856505771247,16.223112102133612,15.282897574909644,13.065900567408962,1.0781304651976216,0.7497085227935175,0.10858983327503789,8
7,141,Lenox Hill West,Manhattan,68388,1393617.08,927731.9,360451.91000000003,767421.7166666668,77214,54176,7518,731,1,20.378093817628823,13.565711820787273,5.270689448441248,11.221584439765262,1.1290577294262152,0.7921857635842545,0.10993156694156869,9
7,263,Yorkville West,Manhattan,64864,1408060.04,956882.49,483677.65,750605.0333333334,68689,49764,5807,730,1,21.70788172175629,14.752135082634435,7.456796528120376,11.571981890314095,1.0589695362604834,0.7672052294030587,0.08952577701036014,10
8,236,Upper East Side North,Manhattan,188160,3948032.4000000004,2636524.5100000002,766249.62,2426651.616666666,215994,158712,16338,731,1,20.98231505102041,14.012141315901362,4.0723300382653065,12.896745411706346,1.1479272959183673,0.8434948979591836,0.08683035714285714,1
8,237,Upper East Side South,Manhattan,140533,2686667.1100000003,1743656.4599999997,239942.90999999997,1616472.8166666664,165132,117654,16331,731,1,19.11769555905019,12.407452057523853,1.7073776977649375,11.502442961202467,1.1750407377626608,0.8371983804515666,0.11620758113752641,2
8,186,Penn Station/Madison Sq West,Manhattan,129849,2824340.2399999998,1914084.38,364297.63,1916333.7,150397,106051,19680,731,1,21.750958728985204,14.740848061979683,2.805548213694368,14.758170644363839,1.1582453465178784,0.8167255812520697,0.15156065891920614,3
8,162,Midtown East,Manhattan,107739,2483385.85,1668515.2600000002,250727.75999999995,1491410.8166666667,129571,89511,15315,731,1,23.05001763521102,15.48664142046984,2.3271773452510227,13.842812878035499,1.2026378563008753,0.8308133544955866,0.1421490825049425,4
8,239,Upper West Side South,Manhattan,104494,2405240.94,1638607.87,446094.33999999997,1458826.2333333334,115277,81985,9169,731,1,23.017981319501597,15.681358451202941,4.269090474094206,13.96086122967188,1.1031925278006394,0.7845905028039888,0.08774666488028021,5
8,132,JFK Airport,Queens,101919,8080618.709999996,6389922.97,1587911.68,4869018.966666668,146633,72472,26361,729,1,79.28471344891528,62.69609170027178,15.580134028002629,47.773417779478486,1.4387209450642178,0.7110744807150776,0.25864657227798543,6
8,238,Upper West Side North,Manhattan,96781,2228727.2100000004,1548263.3900000001,364414.71,1397237.7833333332,106972,75819,9848,731,1,23.028561494508224,15.997596532377225,3.7653538401132454,14.437108351157079,1.1052995939285604,0.7834079003110115,0.101755509862473,7
8,140,Lenox Hill East,Manhattan,93543,2109029.87,1454123.16,301517.82999999996,1283522.9833333332,105447,76363,9781,731,1,22.54610040302321,15.544970334498572,3.2233072490726187,13.721208250038305,1.12725698341939,0.8163411479212769,0.10456153854377132,8
8,142,Lincoln Square East,Manhattan,91395,1978653.8900000004,1334435.01,276451.6500000001,1212744.3,102637,72696,9974,731,1,21.64947633896822,14.600744132611194,3.024800590841951,13.269263088790415,1.1230045407297993,0.7954045626128344,0.1091306964275945,9
8,141,Lenox Hill West,Manhattan,90736,1903714.8400000003,1289493.9500000002,226303.08000000002,1159251.5666666667,102525,72679,9723,731,1,20.980810703579618,14.21149213101746,2.4940826132957152,12.77609291424205,1.129926379827191,0.8009940927526009,0.10715702697936871,10
9,236,Upper East Side North,Manhattan,194983,3974797.7700000005,2631825.5799999996,390052.94000000006,2394242.766666666,226728,162328,22533,731,1,20.38535549253012,13.49771816004472,2.0004458850258744,12.279238531906199,1.162809065405702,0.8325238610545534,0.11556392095721166,1
9,237,Upper East Side South,Manhattan,171937,3324182.9800000004,2168891.18,371868.2900000001,2056186.7999999998,203057,141257,24404,731,1,19.333726772015332,12.614452851916692,2.1628171365093034,11.958954733419798,1.1809965277979726,0.821562549073207,0.1419357090096954,2
9,186,Penn Station/Madison Sq West,Manhattan,143661,3400467.2800000003,2357955.7,290683.92,2449165.4333333336,176045,115651,24330,730,1,23.670079423086296,16.413332080383682,2.023401758306012,17.048227656311273,1.2254195641127377,0.8050271124383096,0.16935702800342473,3
9,162,Midtown East,Manhattan,125767,2956745.45,2015508.56,306607.79,1905680.9333333333,157623,101333,21024,731,1,23.509708031518603,16.025734572662145,2.437903345074622,15.152471899093827,1.2532937893088012,0.8057201014574571,0.1671662677808964,4
9,138,LaGuardia Airport,Queens,121177,8601251.719999999,5676067.96,1214837.7500000002,4399002.766666667,161355,102992,16095,728,1,70.98089340386376,46.84113288825437,10.025316272890072,36.30229141393719,1.3315645708343993,0.8499302672949487,0.13282223524266157,5
9,161,Midtown Center,Manhattan,115775,2946191.53,2013301.1199999996,303798.36000000004,1848709.4666666668,151365,91782,20878,730,1,25.447562340747137,17.389774303606128,2.624041114230188,15.968123227524654,1.3074066076441373,0.7927618225005398,0.18033254156769596,6
9,239,Upper West Side South,Manhattan,113194,2513691.4600000004,1693119.2599999998,422554.4199999999,1550652.05,130896,90522,12635,731,1,22.206931992861815,14.957676731982259,3.7330107602876472,13.699065763202997,1.1563863809035815,0.7997066982348888,0.11162252416205806,7
9,170,Murray Hill,Manhattan,107650,2447120.6100000003,1663274.2899999998,232569.99000000002,1578986.9666666668,131334,86327,16732,730,1,22.732193311658154,15.45075977705527,2.1604272178355783,14.667784177117202,1.2200092893636787,0.8019228982814677,0.1554296330701347,8
9,230,Times Sq/Theatre District,Manhattan,101628,3198596.1,2258229.83,499401.27000000014,1920060.85,153202,72221,25086,731,1,31.47357125988901,22.220547782107293,4.914012575274532,18.893029972054947,1.5074782540244815,0.7106407682922029,0.24684142165544928,9
9,142,Lincoln Square East,Manhattan,101383,2166287.4299999997,1453683.4600000002,214264.49000000002,1358543.3000000003,118855,81051,13643,731,1,21.367363660574256,14.338532692857779,2.113416351853861,13.400109485811234,1.1723365850290484,0.7994535573025063,0.13456891194776244,10
10,236,Upper East Side North,Manhattan,201535,3988570.250000001,2628870.72,376129.41000000003,2457039.6333333333,243150,164943,28671,731,1,19.790955665269063,13.044239065174784,1.8663230208152433,12.191627426170806,1.2064901878085692,0.8184335227131764,0.142263130473615,1
10,237,Upper East Side South,Manhattan,194302,3769129.5,2472174.7399999998,323861.36,2402877.1333333333,236714,156544,31553,731,1,19.398305215592224,12.723362291690254,1.666793754052969,12.366713329421897,1.218278761927309,0.8056736420623566,0.1623915348272277,2
10,138,LaGuardia Airport,Queens,155420,1.086408667E7,7133338.25,1549053.0599999996,5471730.466666667,211399,132357,20467,729,1,69.90147130356453,45.897170570068205,9.966883670055331,35.2060897353408,1.3601788701582809,0.851608544588856,0.13168832840046327,3
10,161,Midtown Center,Manhattan,145578,3720885.2799999993,2566733.5599999996,413412.67000000004,2432249.55,196879,112887,28569,731,1,25.55939276539037,17.63132863482119,2.839801824451497,16.707535135803486,1.3523952795065188,0.7754399703251865,0.19624531179161686,4
10,186,Penn Station/Madison Sq West,Manhattan,140678,3602257.34,2550811.38,307397.93,2742500.5666666664,182974,109678,27326,731,1,25.60640142737315,18.13226929583872,2.185117289128364,19.494878848623568,1.3006582408052432,0.7796386073159982,0.19424501343493653,5
10,162,Midtown East,Manhattan,133407,3224212.3800000004,2219284.9299999997,327192.43,2123779.1499999994,174031,104944,24502,729,1,24.168239897456658,16.63544589114514,2.452588170036055,15.91954807468873,1.3045117572541172,0.7866453784284183,0.18366352590193918,6
10,239,Upper West Side South,Manhattan,121489,2639182.9600000004,1764308.29,265624.47000000003,1615600.3833333335,148767,98127,16766,731,1,21.72363720172197,14.522370667303212,2.1864075759945347,13.2983264602831,1.2245306159405378,0.8077027549819326,0.13800426376050506,7
10,170,Murray Hill,Manhattan,120793,2833595.190000001,1949222.04,285394.26999999996,1864365.7999999998,153198,94418,21386,731,1,23.458273161524268,16.136879123790287,2.3626722574983647,15.434386098532197,1.2682688566390437,0.781651254625682,0.17704668316872665,8
10,230,Times Sq/Theatre District,Manhattan,119552,3721061.41,2632802.3799999994,491269.8900000001,2299972.95,181850,83857,30540,731,1,31.12504525227516,22.02223618174518,4.1092569760438975,19.238264102649893,1.5210954229122056,0.701426994111349,0.25545369379014987,9
10,142,Lincoln Square East,Manhattan,111694,2376505.0400000005,1595696.88,234742.09,1505006.0833333333,137740,88803,17827,731,1,21.276926603040454,14.286325854566941,2.1016535355524915,13.474368214347532,1.2331906816838862,0.7950561355130983,0.15960570845345318,10
11,237,Upper East Side South,Manhattan,221952,4420277.790000001,2931282.5000000005,421689.75,2887537.133333334,275122,177234,37654,731,1,19.915467263192046,13.20683075619954,1.899914170631488,13.009736940119186,1.239556300461361,0.7985240051903114,0.1696492935409458,1
11,236,Upper East Side North,Manhattan,217829,4503905.7700000005,3015178.0300000007,464920.4199999999,2970274.5666666664,267340,176485,32619,731,1,20.676336805475856,13.841949556762417,2.1343366585716317,13.635808669491512,1.227292968337549,0.8101997438357611,0.1497459016017151,2
11,161,Midtown Center,Manhattan,181248,4630278.09,3198830.2100000004,467172.05,3077508.45,244922,140359,35221,731,1,25.54664376986229,17.648913146627827,2.577529407221045,16.97954432600636,1.3513087040960452,0.7744030278954802,0.19432490289548024,3
11,186,Penn Station/Madison Sq West,Manhattan,149893,3940559.6799999997,2812271.0499999993,336922.25000000006,3054760.1333333333,200793,114431,31371,731,1,26.28915079423322,18.761857124748982,2.2477517295670917,20.379605007127306,1.3395755639022502,0.7634179047720707,0.20928929302902738,4
11,162,Midtown East,Manhattan,146560,3591096.95,2477464.55,346655.43,2389985.5166666666,192578,114882,26991,731,1,24.502571984170306,16.904097639192138,2.36527995360262,16.307215588609896,1.3139874454148472,0.783856441048035,0.18416348253275108,5
11,138,LaGuardia Airport,Queens,141327,9946656.420000002,6534981.2,1431124.5799999996,4967132.266666666,195229,120425,18478,730,1,70.38043983103017,46.24014661034339,10.12633523672051,35.1463787292355,1.3813991664720824,0.8521018630551841,0.13074642495772215,6
11,170,Murray Hill,Manhattan,129376,3081329.1900000004,2130627.0,473711.73,2060173.0,165475,99703,23655,731,1,23.816853125772944,16.468487200098938,3.661511640489735,15.923919428642098,1.2790239302498145,0.7706452510511996,0.1828391664605491,7
11,239,Upper West Side South,Manhattan,128772,2798006.840000001,1876999.2499999995,417839.55999999994,1772833.3,160466,102810,19055,731,1,21.728379150747063,14.576144270493582,3.2448013543316865,13.767226570993694,1.2461249339918616,0.798387848290001,0.14797471500015533,8
11,230,Times Sq/Theatre District,Manhattan,128091,4098012.21,2907614.7,520874.57,2568097.4499999997,191829,91404,30973,731,1,31.992975384687448,22.69960184556292,4.066441592305471,20.049007736687198,1.4975993629529007,0.7135864346441202,0.24180465450343896,9
11,142,Lincoln Square East,Manhattan,124802,2678670.4000000004,1807608.34,258589.28999999998,1729893.4,156169,98282,20934,731,1,21.463361164083913,14.483809073572539,2.0719963622377846,13.861103187448919,1.2513341132353648,0.7875034053941443,0.16773769651127385,10
12,237,Upper East Side South,Manhattan,249067,4999928.300000001,3325970.460000001,415237.9200000001,3323413.9166666665,310163,198316,41864,731,1,20.074631725599943,13.353717915259754,1.6671735717698455,13.34345343488566,1.2452994575756724,0.7962355510766179,0.16808328682643625,1
12,236,Upper East Side North,Manhattan,239685,4942502.430000002,3311050.76,589467.78,3263736.2833333323,297422,191597,37251,731,1,20.620824957757062,13.814175939253603,2.459343638525565,13.61677319537448,1.2408869975175751,0.799370006466821,0.15541648413542775,2
12,161,Midtown Center,Manhattan,203873,5257587.6400000015,3644411.09,515059.5599999999,3573238.6499999994,274790,157922,39190,731,1,25.7885430635739,17.87588886218381,2.526374556709323,17.5267870193699,1.3478489059365388,0.774609683479421,0.19222751418775413,3
12,138,LaGuardia Airport,Queens,154434,1.0708295720000003E7,7017620.960000001,1512799.2000000002,5232893.883333334,212704,130928,20699,731,1,69.33897794527114,45.44090653612547,9.795765181242473,33.884338185460024,1.3773132859344446,0.8477925845344937,0.13403136614994107,4
12,162,Midtown East,Manhattan,151913,3799541.69,2627741.57,429107.0999999999,2573279.283333333,197084,119534,27417,731,1,25.011300481196475,17.297674129271357,2.8246897895505976,16.939164412086743,1.2973478240835215,0.7868582675610383,0.18047830007965085,5
12,186,Penn Station/Madison Sq West,Manhattan,144643,3855114.4400000004,2759569.0599999996,331418.64,2975905.4000000004,194581,110119,30417,731,1,26.652616718403245,19.078483300263404,2.291287099963358,20.574140469984723,1.345250029382687,0.7613157912930456,0.21029016267638254,6
12,239,Upper West Side South,Manhattan,143321,3091359.9200000004,2081612.0199999998,326442.45999999996,2000840.9833333334,181545,111791,22630,731,1,21.569483327635172,14.52412430837072,2.2777015231543176,13.96055695490077,1.2667020185457818,0.7800043259536286,0.15789730744273345,7
12,132,JFK Airport,Queens,139116,1.1452451509999992E7,8994793.25,2232045.99,6445625.716666669,209281,100986,34030,729,1,82.32303624313516,64.65678462577992,16.044495169498838,46.33274186050971,1.5043632651887633,0.7259121883895454,0.2446160039104057,8
12,142,Lincoln Square East,Manhattan,138176,2973280.4,2012780.53,371256.5299999999,1959479.1833333333,174613,107549,23648,731,1,21.51806681333951,14.566788226609543,2.6868380181797122,14.181038554693531,1.2636999189439555,0.7783479041222788,0.1711440481704493,9
12,170,Murray Hill,Manhattan,136402,3354528.6500000004,2333633.11,343034.98999999993,2284917.016666667,172773,105061,24496,731,1,24.59295794783068,17.108496283045703,2.5148824064163278,16.751345410380104,1.266645650357033,0.770230641779446,0.17958680957757217,10
13,237,Upper East Side South,Manhattan,252005,5112470.64,3413685.61,432366.08,3425699.1999999993,314378,199332,43071,731,1,20.28717938136148,13.54610269637507,1.715704370945021,13.593774726691928,1.247506993908851,0.7909843058669471,0.1709132755302474,1
13,236,Upper East Side North,Manhattan,229893,4781607.71,3212117.94,441121.5,3128151.9833333334,289178,180408,38149,731,1,20.79927492355139,13.972230298443188,1.9188122300374522,13.606991005960744,1.2578808402169706,0.7847476869674153,0.16594241668950338,2
13,161,Midtown Center,Manhattan,219677,5727763.74,3976481.4599999995,620101.49,3925559.033333334,293532,171823,40300,731,1,26.073570469370942,18.101492008721895,2.82278750165015,17.869686099743415,1.3361981454590148,0.7821619923797212,0.1834511578362778,3
13,132,JFK Airport,Queens,183637,1.5301004439999983E7,1.2007634459999999E7,2967320.6599999997,9095970.683333334,279714,133436,45068,731,1,83.32201266629265,65.38788185387476,16.158620866165315,49.53234197538259,1.5231897711245554,0.7266291651464574,0.24541895151848483,4
13,138,LaGuardia Airport,Queens,160693,1.1135759300000003E7,7277721.06,1570375.8899999997,5478249.033333333,219233,137256,20534,731,1,69.29834715886817,45.28959606205622,9.772522076257209,34.09139809035449,1.3642971380209468,0.8541504608165882,0.1277840353966881,5
13,162,Midtown East,Manhattan,153777,3969414.86,2750978.15,387399.97000000003,2694721.016666667,199346,122143,26606,731,1,25.812799443349785,17.889399259967355,2.5192321998738434,17.52356345010416,1.2963317010996442,0.7942865317960424,0.17301677103858185,6
13,186,Penn Station/Madison Sq West,Manhattan,147026,3970617.2399999998,2847467.8599999994,356832.6100000001,3096721.283333333,197926,112256,30217,731,1,27.00622502142478,19.367104185654235,2.427003455171195,21.062405855653648,1.3461972712309387,0.763511215703345,0.20552147239263804,7
13,239,Upper West Side South,Manhattan,146141,3156606.4099999997,2130223.2999999993,318184.6,2046034.8833333328,186683,112399,24049,731,1,21.599731834324384,14.576493249669834,2.177243894594946,14.00041660679298,1.2774170150744828,0.7691133904927433,0.16456025345385622,8
13,142,Lincoln Square East,Manhattan,142415,3043437.8600000003,2054612.9,501499.4299999999,2010615.55,180770,110527,24430,731,1,21.37020580697258,14.426941684513569,3.521394726679071,14.118004072604712,1.2693185408840362,0.776091001650107,0.171540919144753,9
13,163,Midtown North,Manhattan,135810,3538540.27,2463861.3200000003,384990.92,2363113.0666666664,180941,105792,24912,731,1,26.05507893380458,18.14197275605626,2.8347759369707677,17.400140392214613,1.3323098446358883,0.7789706207201237,0.18343273691186215,10
14,237,Upper East Side South,Manhattan,281673,5809179.890000001,3898813.0,482741.48,3961337.9666666673,351727,224565,46288,731,1,20.62384357038126,13.841628413088937,1.713836540953517,14.063605552064512,1.2487068338108374,0.7972542629218988,0.16433239962651727,1
14,161,Midtown Center,Manhattan,246673,6483021.939999999,4513758.86,634053.8500000001,4565794.4,328112,194308,43858,731,1,26.281846574209574,18.298552577704086,2.5704225837444716,18.509502053325658,1.3301496312932506,0.7877149100225805,0.17779813761538554,2
14,236,Upper East Side North,Manhattan,242719,5060387.66,3404808.13,595169.4300000002,3358784.766666667,305683,191955,38571,731,1,20.848749624050857,14.02777751226727,2.45209246082919,13.83816168765802,1.259411088542718,0.7908527968556232,0.1589121576802805,3
14,132,JFK Airport,Queens,234575,1.967179918999998E7,1.544971532E7,3799627.800000001,1.24803884E7,358768,170583,57008,731,1,83.86144810828084,65.86258262815731,16.197923052328683,53.20425620803581,1.5294383459447938,0.727200255781733,0.24302675050623468,4
14,138,LaGuardia Airport,Queens,197613,1.385303957E7,9114441.43,1921821.6899999997,7387801.85,271621,167603,26434,730,1,70.10186359197017,46.12268135193535,9.725178454858737,37.38520163147161,1.3745097741545345,0.8481375213169174,0.13376650321588154,5
14,162,Midtown East,Manhattan,163745,4303019.53,2988566.66,419104.49,2961004.3166666664,210798,131455,27085,731,1,26.278784268221933,18.251346056368135,2.55949488534001,18.083021262735755,1.2873553390943235,0.8028031390271458,0.16540963082842225,6
14,239,Upper West Side South,Manhattan,153188,3334149.2500000005,2255740.35,607490.06,2185726.5666666664,199276,118480,25120,731,1,21.765081142126018,14.725307138940387,3.965650442593415,14.268262309493345,1.3008590751233777,0.7734287280988067,0.16398151291223856,7
14,142,Lincoln Square East,Manhattan,150421,3256388.59,2208617.0700000003,314555.56,2182921.9166666665,191683,117105,25556,731,1,21.648497151328602,14.682903783381311,2.091167855552084,14.512082200401982,1.2743101029776427,0.7785149679898419,0.1698964905166167,8
14,163,Midtown North,Manhattan,148043,3903130.2199999997,2726806.64,495260.60000000003,2672556.7500000005,196083,116290,26071,732,1,26.364841431205797,18.419017717825227,3.3453834358936256,18.052570874678306,1.324500314097931,0.7855150192849375,0.17610423998432886,9
14,170,Murray Hill,Manhattan,141275,3634062.9600000004,2534394.24,356661.37,2501802.9999999995,179844,110179,24238,731,1,25.723326561670504,17.939438966554594,2.524589417802159,17.708745354804456,1.2730065475137144,0.7798902849053265,0.17156609449654928,10
15,237,Upper East Side South,Manhattan,281248,5804027.390000001,3892247.2599999993,524044.55,4035022.7,355823,225149,45439,731,1,20.63668858089658,13.839199780976218,1.8632827611218568,14.346849399817955,1.2651574411195814,0.8005354704744567,0.16156203777449085,1
15,236,Upper East Side North,Manhattan,271225,5702744.250000001,3845929.9,708778.1299999999,3912877.0833333335,353068,217261,40000,731,1,21.02587980459029,14.17985030878422,2.613247783205825,14.4266829508096,1.301753156972993,0.8010360401880358,0.1474790303253756,2
15,132,JFK Airport,Queens,266606,2.239708006999998E7,1.7621858660000004E7,4289017.08,1.469284603333333E7,406590,193514,64880,729,1,84.00816211938209,66.09700704410255,16.087473950323698,55.110710311595874,1.5250594510251083,0.7258426291981426,0.24335536334516103,3
15,161,Midtown Center,Manhattan,254877,6570804.679999999,4560832.86,694085.69,4702219.233333333,339122,201823,43974,731,1,25.780296692129923,17.894250403135633,2.7232182189840586,18.44897434187209,1.3305319820933235,0.7918446937150077,0.17253027931119716,4
15,138,LaGuardia Airport,Queens,180672,1.2711976370000001E7,8393472.150000002,1927705.5899999996,7045903.733333332,246226,152820,24479,730,1,70.35941579215374,46.45696151036133,10.669642169234855,38.998315916873295,1.362834307474318,0.8458421891604676,0.1354886202621325,5
15,162,Midtown East,Manhattan,163083,4211438.12,2909592.7899999996,687004.9499999998,2942952.8,207698,132126,25464,731,1,25.82389409073907,17.84117774384822,4.2126092235242165,18.045736220206887,1.2735723527283653,0.8101764132374313,0.15614135133643606,6
15,142,Lincoln Square East,Manhattan,154117,3370954.65,2291372.7599999993,365220.83999999997,2318438.616666667,199014,120833,25364,731,1,21.87269833957318,14.867748269172118,2.369763491373437,15.043367160447369,1.2913176353030489,0.7840342077772082,0.16457626348812915,7
15,239,Upper West Side South,Manhattan,152566,3480702.21,2411725.2600000002,420393.71,2223459.6999999997,200961,118375,24371,731,1,22.814403012466734,15.807750481758715,2.755487526709752,14.573756275972364,1.3172069792745436,0.7758937115740073,0.15974070238454177,8
15,163,Midtown North,Manhattan,148666,3828403.27,2669594.83,424079.26999999996,2704766.0499999993,197432,116862,26075,731,1,25.751706980748793,17.956996421508617,2.8525639352642833,18.19357519540446,1.3280238924838228,0.7860707895551101,0.17539316319804124,9
15,186,Penn Station/Madison Sq West,Manhattan,141913,3824515.68,2720172.47,384605.63,2950267.8999999994,187672,110823,26774,731,1,26.94972046253691,19.167887860872508,2.7101507966148275,20.789271595977812,1.3224440326115297,0.7809221142530988,0.18866488623311464,10
16,132,JFK Airport,Queens,284146,2.4914464499999978E7,1.889955066E7,4552504.91,1.5452288516666662E7,431055,210250,65189,731,1,87.68191176367071,66.51352002139745,16.021710353128324,54.38150991626369,1.5170194195941522,0.7399365115116876,0.22942079072026353,1
16,161,Midtown Center,Manhattan,274554,7445560.460000001,4775166.8,680826.9299999999,5021572.1833333345,362862,219899,43756,731,1,27.11874698602097,17.39245030121579,2.4797560042833102,18.28992541843621,1.3216416442667016,0.8009316928545933,0.15937119837991798,2
16,237,Upper East Side South,Manhattan,267680,6378169.54,4040305.2,533627.9299999999,3810980.2500000005,339407,216877,39832,731,1,23.827590929468023,15.09378810520024,1.993529326060968,14.237075052301257,1.267958009563658,0.8102099521817095,0.14880454273759713,3
16,236,Upper East Side North,Manhattan,241090,5537096.2,3422484.5700000003,533820.8,3451350.8500000006,310145,194488,32977,731,1,22.966926044215853,14.195879422622259,2.2141971877722013,14.31561180472023,1.2864283047824463,0.8067028910365424,0.1367829441287486,4
16,162,Midtown East,Manhattan,179444,4863047.25,3100798.2399999998,434984.76999999996,3181041.5333333323,227437,148026,25163,730,1,27.100640032544973,17.280032990793785,2.424069737634025,17.72721034603181,1.2674539131985467,0.8249147366309266,0.14022759189496445,5
16,138,LaGuardia Airport,Queens,175742,1.2549133190000003E7,8068040.489999999,1696137.09,6734381.133333335,237073,148735,23604,731,1,71.40656866315396,45.90843674249752,9.651290471259005,38.31970236672699,1.3489831685083815,0.8463258640507108,0.13431052338086513,6
16,230,Times Sq/Theatre District,Manhattan,163636,5134886.26,3424701.92,531699.98,3463073.483333333,237449,122926,33613,730,1,31.379930210956022,20.928780463956585,3.2492848761886135,21.163273872090084,1.4510804468454375,0.7512161138135862,0.20541323425163166,7
16,142,Lincoln Square East,Manhattan,157783,3714173.8499999996,2352518.31,385129.67,2397445.6999999997,205793,124109,25000,731,1,23.539759353035496,14.909833822401653,2.4408819074298242,15.194575461234733,1.304278661199242,0.7865803033279885,0.1584454599037919,8
16,163,Midtown North,Manhattan,157154,4266164.59,2765675.4699999997,385129.2200000001,2863328.6833333336,207775,124157,26369,731,1,27.146395191977295,17.598505096911307,2.450648535831096,18.219890574425936,1.3221107957799356,0.7900339794087329,0.16779082937755324,9
16,239,Upper West Side South,Manhattan,146686,3416701.4100000006,2148223.25,349154.55000000005,2122158.6666666665,193937,114087,22063,731,1,23.292621040862798,14.645046221179935,2.3802854396465922,14.467356575724107,1.3221234473637566,0.7777633857355167,0.15040971871889613,10
17,161,Midtown Center,Manhattan,310467,8209261.950000001,5243308.819999999,704728.82,5525844.949999999,404263,252464,43205,731,1,26.441657084327808,16.88845777490039,2.269899280760918,17.798493720749708,1.3021126238859524,0.8131749912228997,0.13916132793501404,1
17,237,Upper East Side South,Manhattan,278507,6274369.87,3824620.4000000004,617320.2999999998,3890944.066666667,348017,227154,37257,731,1,22.528589478899992,13.732582663990494,2.216534234328041,13.970722698771187,1.2495808004825733,0.8156132520906118,0.13377401645201017,2
17,132,JFK Airport,Queens,257818,2.2335149949999977E7,1.698634067E7,4132510.9400000004,1.3324188716666669E7,400341,185012,64484,729,1,86.63146075914008,65.88500674894694,16.028791395480535,51.68059916943995,1.552804691681729,0.717606994081096,0.2501144218014258,3
17,236,Upper East Side North,Manhattan,252660,5751358.61,3529131.5500000003,663224.6900000001,3452939.133333333,317160,203626,31147,731,1,22.763233634132828,13.967907662471307,2.6249690888941664,13.666346605451329,1.2552837805746853,0.8059289163302462,0.12327633974511201,4
17,162,Midtown East,Manhattan,224191,5895777.300000001,3723542.1900000004,522823.09,3864433.616666666,280674,189185,25942,731,1,26.298010624868976,16.608794242409378,2.332043168548247,17.237237965246894,1.2519414249456937,0.8438563546261892,0.11571383329393241,5
17,230,Times Sq/Theatre District,Manhattan,183975,5353349.789999999,3527283.9800000004,480081.8599999999,3609329.216666667,259251,141241,33970,729,1,29.098245902975943,19.172626606875937,2.6094950944421793,19.618585224441727,1.409164288626172,0.7677184400054355,0.18464465280608777,6
17,163,Midtown North,Manhattan,179275,4693917.8,2999059.0,440314.87,3106161.0000000005,233008,144614,26035,731,1,26.18277952865709,16.72881885371636,2.456086292009483,17.326236229256732,1.2997238878817459,0.8066601589736438,0.14522381815646354,7
17,142,Lincoln Square East,Manhattan,173672,4042596.360000001,2528377.35,489508.06000000006,2538212.533333333,223774,139388,23878,731,1,23.277191257082322,14.558347632318394,2.8185778939610304,14.614978426766164,1.2884863420701091,0.8025933944447003,0.137489059836934,8
17,170,Murray Hill,Manhattan,166291,4384337.2299999995,2796272.0199999996,364967.82,2829311.0166666666,205017,135348,20488,731,1,26.365451106794712,16.81553433438971,2.1947538952799612,17.014216143186744,1.2328809135792076,0.8139225814986981,0.1232057056605589,9
17,239,Upper West Side South,Manhattan,159382,3670248.5500000003,2290603.2399999998,373009.18999999994,2203758.05,206512,123848,21769,731,1,23.027999083961806,14.371781255097813,2.340347027895245,13.826894191313949,1.295704659246339,0.7770513608814045,0.13658380494660627,10
18,161,Midtown Center,Manhattan,319956,7993545.8,5012549.07,728197.2500000001,5151178.699999999,413520,262118,41845,731,1,24.983265824050807,15.666369969620824,2.275929346535149,16.09964713898161,1.2924277088099614,0.8192313943167185,0.1307836077460651,1
18,237,Upper East Side South,Manhattan,280523,6132320.38,3686982.0599999996,551758.12,3626417.7499999995,350741,228575,36713,731,1,21.860312273859897,13.143243370418823,1.9668908431750693,12.927345529600068,1.2503110261903658,0.8148173233567301,0.1308734043197884,2
18,236,Upper East Side North,Manhattan,248960,5504864.740000002,3332331.1400000006,466965.86,3166965.6166666667,309864,201544,29167,731,1,22.111442561053995,13.38500618573265,1.8756662114395886,12.720780915274208,1.244633676092545,0.8095437017994859,0.11715536632390745,3
18,132,JFK Airport,Queens,238389,2.025967279999998E7,1.5436336439999996E7,3828010.96,1.0994283966666669E7,364136,171200,59303,731,1,84.98577031658331,64.75272114065665,16.057833876563095,46.119090925615986,1.5274865870488992,0.7181539416667715,0.24876567291276025,4
18,162,Midtown East,Manhattan,238171,5914124.819999999,3684985.3699999996,585497.98,3745738.9833333334,297349,200018,27472,731,1,24.831422885237913,15.472015358712856,2.458309281986472,15.727099366981427,1.2484685373114275,0.8398083729757191,0.11534569699921485,5
18,163,Midtown North,Manhattan,195562,4778894.93,2992620.51,430373.09,3038437.3499999996,256305,157791,27886,731,1,24.436725590861208,15.302668770006441,2.200698959920639,15.536951708409607,1.3106073777114162,0.8068592057761733,0.14259416451048773,6
18,142,Lincoln Square East,Manhattan,190168,4258311.16,2614978.4400000004,375956.32000000007,2523100.533333333,246306,154196,24398,731,1,22.392364435656894,13.75088574313239,1.976969416515923,13.26774501142849,1.2952021370577596,0.8108409406419587,0.12829708468301712,7
18,230,Times Sq/Theatre District,Manhattan,189188,5041974.46,3245683.81,429952.85,3253509.916666667,264608,145722,34052,729,1,26.65060394951054,17.15586511829503,2.2726222064824406,17.19723194212459,1.3986510772353427,0.7702496987123919,0.17999027422458083,8
18,170,Murray Hill,Manhattan,180600,4468854.739999999,2807571.11,619171.4999999999,2769258.2,221813,146646,20383,731,1,24.744489147286817,15.545797951273531,3.428413621262458,15.333655592469547,1.2282004429678848,0.8119933554817276,0.11286267995570322,9
18,234,Union Sq,Manhattan,169285,3972014.94,2457608.6,344944.68999999994,2519118.866666667,207672,139918,17521,731,1,23.463478394423603,14.517580411731696,2.0376565555128923,14.880933731084664,1.2267596065806186,0.8265233186637918,0.10350001476799481,10
19,161,Midtown Center,Manhattan,278048,6697492.140000001,4153283.13,614571.25,4109435.7999999993,358237,227612,35559,731,1,24.08753934572448,14.937288273967084,2.2103063140177235,14.779591293589593,1.2883998446311429,0.8186068592473242,0.12788799056278052,1
19,132,JFK Airport,Queens,258229,2.162275111999998E7,1.648291319E7,4204483.97,1.0478084133333333E7,386793,188198,61311,731,1,83.734790128142,63.83060457965604,16.2819976455007,40.576713433941705,1.497868171274334,0.7288027293603739,0.23742879382253737,2
19,237,Upper East Side South,Manhattan,227681,4847996.790000001,2885133.99,560345.73,2695430.583333333,289880,185859,29832,731,1,21.292935247122074,12.671825887974842,2.461100091795099,11.838627655945524,1.2731848507341412,0.8163131750124077,0.13102542592486857,3
19,162,Midtown East,Manhattan,204701,4866201.19,2997184.4799999995,433380.86,2931612.5666666664,256373,171939,23129,731,1,23.772239461458422,14.6417676513549,2.117140903073263,14.32143744616131,1.252426710177283,0.839951929887983,0.11298918910997015,4
19,236,Upper East Side North,Manhattan,180690,3909748.84,2361607.23,403023.61,2121539.3666666667,227334,146732,20475,731,1,21.63788167579833,13.069938734849742,2.2304699208589294,11.741321416053278,1.2581437821683545,0.8120648624716365,0.11331562344346671,5
19,142,Lincoln Square East,Manhattan,162022,3570048.4,2182854.83,335185.86,2042915.2999999998,213839,132698,20735,731,1,22.03434348421819,13.472582920837912,2.068767574773796,12.608875955117204,1.319814593079952,0.8190122329066423,0.1279764476429127,6
19,230,Times Sq/Theatre District,Manhattan,161934,4090129.37,2608017.4799999995,516213.56000000006,2551693.1999999997,226562,124782,29029,729,1,25.258002457791445,16.105434806773125,3.187802191016093,15.75761236059135,1.3991008682549682,0.7705731964874578,0.17926439166574037,7
19,163,Midtown North,Manhattan,161873,3813270.24,2365227.05,370967.65,2330626.9333333336,213664,131325,22630,731,1,23.557172845378787,14.611621765210998,2.2917203610237658,14.397873229836561,1.319948354574265,0.811284154862145,0.13980095506971515,8
19,170,Murray Hill,Manhattan,161637,3831875.16,2392503.1,433580.3000000001,2290438.833333333,197630,130476,17624,731,1,23.706670873624233,14.801704436484222,2.6824322401430374,14.17026320293827,1.222677975958475,0.8072161695651366,0.10903444137171564,9
19,138,LaGuardia Airport,Queens,159887,1.0546278920000002E7,6623827.739999999,1580134.5500000003,4257303.333333334,209452,137054,19794,728,1,65.96082808483493,41.428182028557664,9.882820679604972,26.626951117560115,1.3100001876325154,0.8571928924803143,0.12379993370317786,10
20,132,JFK Airport,Queens,254484,2.0674159189999983E7,1.6152584879999999E7,4109663.7499999995,9401931.716666667,374704,190048,56050,729,1,81.23952464595017,63.47190738906964,16.149006420835885,36.94507991334098,1.4724069096681913,0.7467974410964933,0.22024960311846717,1
20,161,Midtown Center,Manhattan,245103,5609330.26,3643763.46,1020279.48,3455785.0833333335,304709,197222,27526,731,1,22.885604256169856,14.866254023818557,4.162656026242029,14.099317769808339,1.2431875578838285,0.8046494738946484,0.11230380697094691,2
20,237,Upper East Side South,Manhattan,198897,4040177.9399999995,2509160.8,387562.80999999994,2237900.6500000004,257989,162989,25399,731,1,20.312915428588664,12.615377808614507,1.948560360387537,11.251555579018287,1.2970984982176705,0.8194643458674591,0.12769926142676863,3
20,162,Midtown East,Manhattan,178446,4059004.03,2615553.5400000005,398093.74999999994,2435082.9000000004,217584,148414,18077,731,1,22.746399639106507,14.657395178373292,2.230891978525716,13.646049224975625,1.2193268551830807,0.8317025878977393,0.10130235477399326,4
20,138,LaGuardia Airport,Queens,160591,1.0290375870000003E7,6504810.49,1539280.9700000004,3885089.583333333,207756,139337,18266,730,1,64.07816048221882,40.50544856187458,9.585101095329131,24.192449037202167,1.2936964088896639,0.867651362778736,0.11374236414244883,5
20,142,Lincoln Square East,Manhattan,154135,3331493.3200000003,2116439.41,393895.2500000001,1926894.2833333332,206956,126231,20193,731,1,21.614126058325496,13.731076069679178,2.555521134070783,12.501341572863614,1.342693093716547,0.8189638952865994,0.13100853148214228,6
20,230,Times Sq/Theatre District,Manhattan,154099,3656516.44,2416913.3,381997.65,2300501.9,211215,117474,25936,729,1,23.728359301488005,15.684159533806188,2.4789106353707684,14.928726987196542,1.3706448451969189,0.76232811374506,0.16830738680977814,7
20,234,Union Sq,Manhattan,148158,3333573.829999999,2143984.6099999994,308720.05,2098651.75,190290,123095,15758,731,1,22.50012709404824,14.47093380040227,2.083721770002295,14.1649573428367,1.2843720892560644,0.8308359994060395,0.10635942709809798,8
20,236,Upper East Side North,Manhattan,140219,2906364.2099999995,1829534.3199999998,471675.80000000005,1587756.2333333334,178468,112941,17094,731,1,20.7273209051555,13.047691967565022,3.363850833339277,11.323402914963973,1.2727804363174748,0.8054614567212717,0.12190929902509645,9
20,170,Murray Hill,Manhattan,138348,3148734.4399999995,2037854.1199999999,331715.49,1893891.083333333,170133,112107,15485,731,1,22.759522653019918,14.729913840460288,2.3976890883858095,13.689327517082525,1.229746725648365,0.8103261340966259,0.11192789198253679,10
21,132,JFK Airport,Queens,253200,2.030728732999998E7,1.5873726370000001E7,4055927.43,8777261.983333332,365569,192351,52604,729,1,80.20255659557654,62.69244221958926,16.01867073459716,34.66533168773038,1.4437954186413902,0.7596800947867298,0.2077567140600316,1
21,161,Midtown Center,Manhattan,236865,5426568.15,3546479.4900000007,649680.96,3274631.7,295103,187392,24958,731,1,22.90996200367298,14.972577164207463,2.742832246216199,13.824886327654994,1.2458700103434446,0.7911341903615984,0.10536803664534651,2
21,142,Lincoln Square East,Manhattan,206616,4649951.68,2996519.2199999997,601059.76,2717317.4,282791,168922,26488,731,1,22.50528361791923,14.50284208386572,2.90906686800635,13.151534247105742,1.368679095520192,0.8175649514074418,0.12819917140976497,3
21,237,Upper East Side South,Manhattan,199826,4062298.09,2527454.29,422755.93,2242813.5333333337,265227,163993,25214,731,1,20.329176833845445,12.648275449641188,2.115620239608459,11.223832400855413,1.3272897420756058,0.8206789907219281,0.12617977640547276,4
21,230,Times Sq/Theatre District,Manhattan,197569,4729337.02,3148258.2600000002,549722.4299999999,2969933.7833333327,273210,149021,31492,729,1,23.93764720173711,15.934980993981851,2.782432618477595,15.032387587796329,1.382858646852492,0.7542731906321336,0.15939747632472706,5
21,162,Midtown East,Manhattan,156803,3525418.85,2276209.0100000002,813246.9800000001,2054280.7166666668,192527,129267,16094,731,1,22.483108422670487,14.516361357882184,5.186424877075057,13.101029423331612,1.2278272737128755,0.8243911149659127,0.10263834237865346,6
21,138,LaGuardia Airport,Queens,151500,9570151.3,6050998.399999999,1444052.34,3477325.55,194180,132025,16510,729,1,63.16931551155116,39.94058349834983,9.531698613861387,22.95264389438944,1.2817161716171617,0.8714521452145214,0.10897689768976898,7
21,48,Clinton East,Manhattan,147857,3476870.1499999994,2290150.22,355321.94,2103337.066666667,198898,115483,20698,732,1,23.51508653631549,15.48895365116295,2.4031458774356302,14.225481828162799,1.3452051644494343,0.781045199077487,0.1399866086827137,8
21,234,Union Sq,Manhattan,147735,3395403.1100000003,2214578.12,484640.69000000006,2111120.0166666666,188765,121002,14516,731,1,22.983065015060753,14.9902062476732,3.2804730767929065,14.289911102085942,1.277727011202491,0.819047619047619,0.09825701424848546,9
21,249,West Village,Manhattan,146991,3558964.7,2355095.6199999996,411857.1100000001,2332890.4499999997,191835,122986,12440,731,1,24.212126592784593,16.022039580654596,2.801920593777851,15.870974753556338,1.305079902851195,0.8366906817424196,0.08463103183188087,10
22,132,JFK Airport,Queens,262111,2.0747083809999987E7,1.6268688309999999E7,4142115.6100000003,9058976.733333332,374450,200460,53253,731,1,79.15380815761257,62.067934233969574,15.802906440401205,34.561604561934956,1.4285932295859387,0.76479048952543,0.20316964949963948,1
22,230,Times Sq/Theatre District,Manhattan,204469,5011510.47,3356931.0600000005,566437.21,3116683.4166666665,285249,154777,31140,729,1,24.509879101477484,16.41779956863877,2.7702840528393056,15.242816351949031,1.3950721136211357,0.7569704943047602,0.15229692520626598,2
22,161,Midtown Center,Manhattan,204136,4731767.840000001,3104514.7,475179.56999999995,2809865.05,262143,161874,22285,731,1,23.179487400556496,15.208070599992164,2.3277597777951953,13.764671836422776,1.2841586001489202,0.7929713524317122,0.10916741779989811,3
22,142,Lincoln Square East,Manhattan,200574,4686859.6899999995,3063514.2499999995,551557.26,2788132.766666666,273934,163039,25081,732,1,23.367234487022245,15.273735628745499,2.749894103921745,13.90076862737277,1.3657502966486184,0.8128620858137147,0.12504611764236642,4
22,48,Clinton East,Manhattan,164254,4033434.169999999,2688081.3099999996,504910.86999999994,2443002.6000000006,221773,129324,20909,731,1,24.556078816954223,16.36539329331401,3.0739639217309773,14.87332180647047,1.3501832527670559,0.7873415563700124,0.12729674771999464,5
22,249,West Village,Manhattan,161428,3911613.9000000004,2611800.2900000005,462057.05999999994,2518375.2833333327,204691,132066,11643,731,1,24.231322323264862,16.179351103897716,2.8623105037539953,15.60061007590587,1.2680018336348093,0.818110860569418,0.07212503407091707,6
22,79,East Village,Manhattan,152383,3661168.0,2440551.86,447291.14,2265658.516666667,196699,124574,12617,732,1,24.02609214938674,16.015906367508187,2.9353086630398404,14.868184224399487,1.2908198421083716,0.8175058897646063,0.08279794990254818,7
22,237,Upper East Side South,Manhattan,148029,3089972.75,1951822.98,458797.7800000001,1708801.8499999996,195782,120633,18525,732,1,20.87410406069081,13.185409480574751,3.0993776895067864,11.543696505414477,1.322592194772646,0.8149281559694385,0.12514439738159414,8
22,138,LaGuardia Airport,Queens,133485,8249679.58,5252073.82,1248581.59,2993669.8666666667,172249,113845,16895,731,1,61.80229673746114,39.34579780499682,9.353722066149755,22.427013272402643,1.2903996703749485,0.8528673633741619,0.12656852829905982,9
22,234,Union Sq,Manhattan,133243,3100647.44,2044977.24,312507.68999999994,1917166.5166666666,167569,107081,11877,731,1,23.270621646165278,15.347727385303543,2.3453966812515477,14.3884970817729,1.2576195372364778,0.803651974212529,0.08913789092109904,10
23,132,JFK Airport,Queens,243439,1.9000900029999986E7,1.5004492849999998E7,3831113.35,8295111.166666666,347769,182493,52632,734,1,78.05199672197136,61.635534363844734,15.737467496991034,34.07470112293702,1.4285673207661878,0.7496457017979864,0.21620200543051854,1
23,249,West Village,Manhattan,159236,3812961.8400000003,2551272.64,400869.55999999994,2427149.4166666665,200444,127908,11348,732,1,23.94535054887086,16.021958853525586,2.5174556004923505,15.24246663233607,1.2587857017257404,0.803260569218016,0.07126529176819313,2
23,138,LaGuardia Airport,Queens,152580,9304543.02,5949522.54,1421636.2800000003,3275089.2666666666,195803,129873,19363,735,1,60.98140660637043,38.99280731419583,9.317317341722378,21.46473500240311,1.283280901821995,0.8511797090051121,0.12690391925547254,3
23,79,East Village,Manhattan,151698,3568436.82,2379129.61,446541.38,2126493.7833333337,191608,121649,11342,731,1,23.523295099473955,15.683328784822475,2.9436207464831443,14.01794211745266,1.2630885047924165,0.8019156481957573,0.07476697121913276,4
23,230,Times Sq/Theatre District,Manhattan,139512,3465989.7600000002,2345870.12,365931.07,2123430.0666666664,188321,103351,22150,730,1,24.843667641493205,16.814826824932624,2.6229361631974313,15.220411625284322,1.3498552095877057,0.7408036584666552,0.1587677045702162,5
23,48,Clinton East,Manhattan,128007,3168983.2600000002,2126579.28,472223.10000000003,1877261.2500000002,168729,100243,15969,732,1,24.756327857070318,16.612992101994422,3.689041224308046,14.66530150694884,1.3181232276359887,0.783105611411876,0.12475099018022452,6
23,161,Midtown Center,Manhattan,122736,2857588.580000001,1887166.4500000002,408448.64,1699070.7833333332,156859,95025,15102,732,1,23.282399459001443,15.375818423282494,3.3278633815669405,13.84329604462695,1.2780194889844871,0.7742227219397732,0.1230445834962847,7
23,142,Lincoln Square East,Manhattan,117305,2779510.9899999998,1833494.54,383087.20999999996,1631429.0999999996,157166,93356,15477,732,1,23.69473585951153,15.63014824602532,3.2657364136226072,13.907583649460804,1.339806487362005,0.7958399045223988,0.13193811005498488,8
23,186,Penn Station/Madison Sq West,Manhattan,108991,2839985.9099999997,1915812.6600000001,306357.60000000003,1778666.6333333333,142739,90398,12179,732,1,26.057068106540903,17.577714306685873,2.8108522722059623,16.319389980212435,1.30964024552486,0.8294079327650907,0.11174317145452377,9
23,114,Greenwich Village South,Manhattan,105490,2491151.0100000002,1663480.1600000001,295549.58999999997,1567987.3166666667,136968,84941,8069,731,1,23.6150441748033,15.769079154422222,2.8016834771068346,14.863847916074194,1.2983979524125508,0.8052042847663285,0.07649066262204948,10
