pickup_borough,hour,total_trips,total_revenue,total_fare_amount,total_trip_distance,total_trip_duration_min,total_passenger_count,credit_card_trip_count,cash_trip_count,active_days,active_pickup_zones,avg_revenue_per_trip,avg_fare_amount,avg_trip_distance,avg_trip_duration_min,avg_passenger_count,credit_card_share,cash_share
Bronx,0,3352,109514.62000000002,94433.06000000001,15205.900000000003,53880.9,1902,843,523,676,43,32.67142601431981,28.1721539379475,4.536366348448689,16.074254176610978,0.5674224343675418,0.251491646778043,0.15602625298329356
Bronx,1,2111,64458.490000000005,55644.44,7735.129999999999,27055.483333333334,1494,608,393,614,42,30.53457603031739,26.35927996210327,3.6642018000947414,12.816429812095373,0.7077214590241592,0.2880151586925628,0.1861676930364756
Bronx,2,1381,41922.45999999999,36407.229999999996,89396.78000000001,16041.51666666667,1055,422,286,528,42,30.35659666908037,26.3629471397538,64.73336712527156,11.615870142408886,0.7639391745112237,0.3055756698044895,0.20709630702389573
Bronx,3,1577,51483.630000000005,44907.55,7730.55,26187.18333333333,1071,533,266,580,39,32.6465630944832,28.476569435637288,4.902060875079265,16.605696470090887,0.6791376030437539,0.3379835129993659,0.1686746987951807
Bronx,4,4438,167744.5,150734.86,31444.89,114947.1833333333,3259,2763,217,704,42,37.79731861198738,33.96459215863001,7.0853740423614235,25.900672224725845,0.7343397926994142,0.6225777377196936,0.04889589905362776
Bronx,5,8030,329667.8199999996,296646.3000000001,139126.68000000008,267640.55000000005,6368,5914,234,722,41,41.05452303860518,36.94225404732256,17.32586301369864,33.33008094645081,0.7930261519302615,0.7364881693648817,0.029140722291407222
Bronx,6,13734,529221.5900000003,480560.32999999984,224805.93999999997,528615.9333333331,9945,9400,357,728,42,38.533682102810566,34.99055846803552,16.36856997233144,38.48958302994998,0.7241153342070773,0.6844327945245376,0.02599388379204893
Bronx,7,16171,576188.1100000003,523471.62999999954,1287948.0100000002,609800.3666666666,9993,9034,623,730,43,35.63095108527613,32.37101168758887,79.6455389277101,37.70950260754849,0.6179580730938099,0.5586543812998578,0.03852575598293241
Bronx,8,15810,558091.0400000007,506392.09,439663.0399999996,602202.6333333333,11794,10599,756,730,43,35.299876027830535,32.029860215053766,27.809173940543932,38.08998313303816,0.7459835547122075,0.6703984819734345,0.047817836812144215
Bronx,9,14157,501485.14000000013,455931.74000000005,223529.81999999986,544553.4000000001,12519,11341,736,730,43,35.423122130394866,32.205392385392386,15.789349438440338,38.46531044712864,0.8842975206611571,0.8010878010878011,0.05198841562477926
Bronx,10,12548,449941.60999999987,407822.62000000005,181514.26999999996,468412.0999999998,11614,10104,877,729,43,35.85763547975772,32.50100573796622,14.465593720114756,37.32962225055784,0.9255658272234619,0.8052279247688875,0.06989161619381574
Bronx,11,12335,440410.6799999996,398527.9800000001,218409.25999999995,471026.03333333344,11519,9768,994,730,42,35.704149169031176,32.30871341710581,17.706466153222532,38.18613971084989,0.9338467774625051,0.7918929874341305,0.0805837049047426
Bronx,12,11773,422306.1999999997,381358.5900000001,116875.66000000005,441784.76666666684,10680,8982,952,729,43,35.870738129618594,32.39264333644781,9.927432260256523,37.5252498655115,0.9071604518814236,0.7629321328463433,0.0808629915909284
Bronx,13,10755,385940.72999999963,347571.3800000002,96469.12,406227.96666666673,9344,7530,985,729,43,35.88477266387723,32.31719014411903,8.969699674569966,37.77108011777469,0.8688052068805207,0.700139470013947,0.09158530915853091
Bronx,14,10071,354996.05999999976,318282.6000000002,305876.3199999999,382993.94999999984,8302,6220,1149,730,43,35.24933571641344,31.60387250521301,30.371990864859487,38.02938635686623,0.8243471353390924,0.6176149339688214,0.11408996127494787
Bronx,15,8432,298273.6999999999,266524.87000000005,265296.16,315704.35000000003,6608,4777,993,727,43,35.37401565464894,31.60873695445921,31.46301707779886,37.44121797912714,0.7836812144212524,0.5665322580645161,0.11776565464895636
Bronx,16,7864,283621.5999999999,249614.1600000001,70801.47000000002,294025.55,6401,4569,975,728,42,36.06581892166835,31.741373346897266,9.003238809766025,37.388803407934894,0.8139623601220752,0.5810020345879959,0.12398270600203459
Bronx,17,7067,251977.04999999993,222522.3500000001,100724.68000000002,247829.7000000001,5328,3821,815,727,43,35.65544785623319,31.487526531767383,14.252820149992928,35.06858638743457,0.7539267015706806,0.5406820432998444,0.11532474883260224
Bronx,18,5718,197855.9700000001,174566.21000000005,47367.34000000002,175519.9333333333,4372,2898,761,723,43,34.60230325288564,30.529242742217566,8.283899965022739,30.69603590999183,0.7646030080447709,0.5068205666316894,0.13308849247988808
Bronx,19,4576,160833.55,141206.80000000005,55873.52999999997,124375.19999999997,3087,1969,552,713,43,35.14719187062937,30.85812937062938,12.210124562937056,27.1798951048951,0.6746066433566433,0.43028846153846156,0.12062937062937062
Bronx,20,4372,151542.78999999998,132428.19999999998,24436.939999999995,103564.39999999998,2567,1508,541,694,43,34.662120311070446,30.290073193046656,5.589419030192131,23.688106129917653,0.5871454711802379,0.34492223238792313,0.1237419945105215
Bronx,21,4380,157015.22999999998,137403.87,25283.190000000002,105564.51666666666,2831,1601,536,707,43,35.84822602739725,31.370746575342466,5.772417808219179,24.10148782343988,0.6463470319634703,0.36552511415525113,0.1223744292237443
Bronx,22,4838,168558.25,146063.23000000004,26741.499999999993,99104.74999999999,2647,1410,503,694,43,34.840481603968584,30.190828854898726,5.527387350144687,20.48465274906986,0.5471269119470856,0.2914427449359239,0.10396858205870194
Bronx,23,4543,154072.35,134444.33000000002,23465.27,83304.16666666666,2250,1063,513,691,43,33.91423068456967,29.59373321593661,5.165148580233326,18.336818548682952,0.49526744441998677,0.23398635263042042,0.112920977327757
Brooklyn,0,38681,1168906.8300000003,968501.85,254313.47000000015,744887.2999999998,21962,12396,3179,731,61,30.21914712649622,25.038180243530416,6.574635350688973,19.25718828365347,0.5677722913058091,0.32046741294175435,0.08218505209275871
Brooklyn,1,25341,753254.8700000001,612036.8400000003,160750.18000000005,474485.8333333336,16649,9261,2281,730,61,29.724749220630603,24.15203977743579,6.343482104100077,18.72403746234693,0.6569985399155519,0.3654551911921392,0.0900122331399708
Brooklyn,2,19819,607449.6499999999,491868.1399999999,91032.24,353950.75,12599,6958,1570,723,61,30.649863767092178,24.818009990413234,4.59318028154801,17.85916292446642,0.6357031131742268,0.35107724910439475,0.07921691306322216
Brooklyn,3,18407,595480.0600000002,494170.54,96662.24000000002,330747.79999999993,11090,6127,1350,721,61,32.35073939262238,26.846881077850817,5.251384799261151,17.968588037159773,0.6024881838431032,0.3328624979627316,0.07334166349758243
Brooklyn,4,21294,725200.7400000003,626718.9700000002,480467.69,458192.1166666665,12050,8514,1016,731,61,34.05657650042267,29.431716445947224,22.563524466986006,21.517428227043606,0.5658871043486428,0.39983093829247673,0.047712970789893866
Brooklyn,5,20615,774161.6700000007,691619.9800000001,936684.6600000001,613561.366666667,12796,11078,694,731,61,37.55331894251762,33.54935629396071,45.43704390007277,29.762860376748343,0.6207130730050934,0.5373756973077856,0.03366480717923842
Brooklyn,6,35828,1311559.6200000027,1159513.0099999995,581298.7099999997,1235062.6833333327,24023,22071,934,731,61,36.60711231439105,32.363319470804946,16.224704421123135,34.471996297123276,0.6705090990286926,0.6160265713966729,0.026068996315730713
Brooklyn,7,51297,1803631.8500000027,1594875.7699999998,2309890.7199999983,1851731.65,34317,29655,2025,731,61,35.16057176832958,31.091014484277828,45.029742869953374,36.098244536717544,0.6689864904380373,0.5781039826890462,0.039475992748113926
Brooklyn,8,55763,1940672.3000000021,1709842.3200000008,2331170.640000001,1981011.9666666663,40840,33784,2700,731,61,34.80215017126055,30.662667360077485,41.80497175546511,35.52556294795234,0.7323852733891648,0.6058497570073346,0.04841920269712892
Brooklyn,9,48774,1670419.260000003,1479158.7099999993,1164582.429999999,1679199.0000000005,40654,32751,3275,731,61,34.248149833927975,30.326787017673336,23.87711547135767,34.4281584450732,0.8335178578750974,0.6714848074793948,0.0671464304752532
Brooklyn,10,41662,1383495.8800000027,1231695.5099999995,638963.8799999999,1397823.0000000007,36743,29618,3218,731,61,33.207620373481895,29.564003408381726,15.336850847294894,33.55150976909415,0.8819307762469396,0.7109116221016754,0.07724065095290672
Brooklyn,11,40723,1343146.960000002,1197332.8699999994,443254.4099999999,1406200.6333333333,36277,29141,3307,731,61,32.98251504064047,29.4018827198389,10.884620730299828,34.53087035172589,0.8908233676300862,0.7155906981312772,0.08120718021756747
Brooklyn,12,42115,1394355.0400000021,1242553.0799999991,569787.61,1462514.2666666666,37407,29314,3461,731,61,33.108275911195584,29.50381289326841,13.529327080612608,34.72668328782302,0.8882108512406506,0.6960465392378012,0.08217974593375282
Brooklyn,13,40394,1339601.1400000015,1185818.2699999998,1183781.78,1362687.6166666667,33839,25433,3556,731,61,33.163369312274135,29.35629722235975,29.305881566569294,33.73490163555643,0.8377234242709313,0.6296232113680249,0.08803287616972817
Brooklyn,14,38742,1282972.090000001,1128923.2899999998,853106.1499999997,1303311.1500000006,31239,22362,3661,731,61,33.1157939703681,29.13952015900056,22.02018868411542,33.64078132259565,0.8063342109338703,0.5772030354653864,0.0944969283981209
Brooklyn,15,35865,1199235.5000000007,1049000.9599999997,882592.6000000001,1222454.483333333,29279,19797,3707,731,61,33.437487801477786,29.248597797295407,24.608743900738883,34.084887308889805,0.8163669315488638,0.5519866164784609,0.10335982155304614
Brooklyn,16,33008,1136640.5300000003,970756.6999999991,414198.04000000015,1113942.0666666671,27320,17710,3567,731,61,34.43530447164325,29.409740063015,12.548413717886577,33.74763895621265,0.8276781386330586,0.5365365971885604,0.10806471158507029
Brooklyn,17,37210,1235173.3600000006,1044668.9500000002,687671.05,1120568.7333333332,28517,18585,3460,731,61,33.194661650094076,28.07495162590702,18.480812953507122,30.114720057332253,0.7663800053748993,0.499462510077936,0.09298575651706531
Brooklyn,18,36910,1158721.4800000004,967232.0299999999,421018.0500000001,946762.75,26638,16650,3462,731,61,31.393158493633173,26.205148469249522,11.406612029260366,25.650575724735845,0.7217014359252235,0.4510972636141967,0.09379571931725819
Brooklyn,19,33310,1026225.3100000006,851768.5099999999,321835.95999999996,772009.3666666667,23596,14230,3276,731,61,30.80832512758933,25.57095496847793,9.661842089462622,23.176504553187232,0.7083758631041729,0.4271990393275293,0.09834884419093365
Brooklyn,20,28773,878419.2300000003,727936.4499999998,330881.1600000001,613384.4999999998,20294,11647,3043,732,61,30.529288916692746,25.299289264240777,11.499710144927539,21.318058596600974,0.7053140096618358,0.404789212108574,0.10575887116393841
Brooklyn,21,30670,939718.5500000004,770622.69,305001.86000000004,627300.6000000002,21992,12514,3172,731,61,30.63966579719597,25.126269644603845,9.94463188783828,20.45323117052495,0.7170524942940985,0.4080208672970329,0.10342354091946528
Brooklyn,22,44066,1349458.26,1115235.9299999997,889244.6,901969.1499999993,26860,15181,3590,731,61,30.62357055326102,25.3083086733536,20.179834793264646,20.468595969681825,0.6095402351018926,0.3445059683202469,0.0814687060318613
Brooklyn,23,48114,1471741.9200000002,1224256.0200000005,369542.0200000001,962906.9666666667,26054,14858,3480,731,61,30.588641975308644,25.44490210749471,7.680550775242135,20.01303085726954,0.541505590888307,0.308808247079852,0.07232822047636862
EWR,0,50,4735.699999999999,4004.1199999999994,149.57999999999998,268.95000000000005,84,45,5,47,1,94.71399999999998,80.08239999999999,2.9915999999999996,5.379000000000001,1.68,0.9,0.1
EWR,1,63,5014.91,4510.929999999999,41.41,86.73333333333335,86,57,4,53,1,79.60174603174603,71.60206349206348,0.6573015873015873,1.376719576719577,1.3650793650793651,0.9047619047619048,0.06349206349206349
EWR,2,61,5780.429999999999,5269.14,54.5,133.81666666666666,95,53,6,57,1,94.7611475409836,86.37934426229509,0.8934426229508197,2.1937158469945355,1.5573770491803278,0.8688524590163934,0.09836065573770492
EWR,3,95,9500.389999999998,8362.64,51.879999999999995,113.36666666666667,145,81,8,82,1,100.00410526315787,88.02778947368421,0.5461052631578946,1.1933333333333334,1.5263157894736843,0.8526315789473684,0.08421052631578947
EWR,4,183,19800.44,17246.829999999998,90.46000000000002,120.75000000000003,302,158,15,155,1,108.1991256830601,94.24497267759561,0.4943169398907105,0.6598360655737706,1.650273224043716,0.8633879781420765,0.08196721311475409
EWR,5,299,34811.079999999994,29842.66,380.48,650.8499999999999,551,257,22,228,1,116.425016722408,99.80822742474916,1.2725083612040133,2.1767558528428093,1.842809364548495,0.8595317725752508,0.07357859531772576
EWR,6,329,37413.659999999996,32180.760000000002,582.97,775.9833333333332,592,282,27,244,1,113.71933130699087,97.81386018237083,1.7719452887537994,2.3586119554204656,1.7993920972644377,0.8571428571428571,0.08206686930091185
EWR,7,328,37215.74,31429.45,531.08,878.45,583,273,35,243,1,113.4626219512195,95.82149390243903,1.6191463414634149,2.678201219512195,1.7774390243902438,0.8323170731707317,0.10670731707317073
EWR,8,339,38575.079999999994,33255.18,363.22,2080.7999999999997,578,281,35,246,1,113.79079646017698,98.09787610619469,1.0714454277286136,6.138053097345132,1.705014749262537,0.8289085545722714,0.10324483775811209
EWR,9,307,34849.33,29823.29,412.65,2352.4999999999995,548,259,31,225,1,113.51573289902281,97.1442671009772,1.3441368078175895,7.662866449511399,1.785016286644951,0.8436482084690554,0.10097719869706841
EWR,10,350,38359.93,33015.43,304.39,1168.2166666666665,635,281,49,264,1,109.5998,94.3298,0.8696857142857143,3.337761904761904,1.8142857142857143,0.8028571428571428,0.14
EWR,11,366,41750.12999999999,35872.22,325.90999999999997,758.9499999999999,693,309,36,273,1,114.07139344262292,98.01153005464481,0.8904644808743168,2.0736338797814207,1.8934426229508197,0.8442622950819673,0.09836065573770492
EWR,12,582,63456.25999999998,54459.64,887.92,1518.9833333333333,1051,509,45,353,1,109.0313745704467,93.573264604811,1.525635738831615,2.6099369988545247,1.8058419243986255,0.8745704467353952,0.07731958762886598
EWR,13,812,84248.07999999999,71705.61,819.1999999999999,2671.7166666666667,1500,699,88,428,1,103.75379310344826,88.30740147783251,1.0088669950738915,3.290291461412151,1.8472906403940887,0.8608374384236454,0.10837438423645321
EWR,14,1088,114793.63999999998,99055.75,1049.63,5610.349999999999,1976,961,93,515,1,105.50886029411764,91.04388786764706,0.964733455882353,5.15657169117647,1.8161764705882353,0.8832720588235294,0.08547794117647059
EWR,15,1143,118533.53,102448.34999999999,950.3800000000001,4272.5,2044,992,109,523,1,103.7038757655293,89.63110236220471,0.8314785651793527,3.7379702537182853,1.7882764654418197,0.8678915135608049,0.09536307961504811
EWR,16,1034,106465.57999999999,90481.57,1134.92,2944.7166666666667,1824,889,86,503,1,102.96477756286265,87.50635396518376,1.0976015473887815,2.8478884590586717,1.7640232108317215,0.8597678916827853,0.08317214700193423
EWR,17,1015,104310.18999999999,90361.33000000002,754.8300000000002,1571.6833333333334,1780,873,97,501,1,102.76866009852216,89.02594088669953,0.7436748768472908,1.548456486042693,1.7536945812807883,0.8600985221674877,0.09556650246305419
EWR,18,935,88198.93999999999,76176.8,865.64,2111.5166666666664,1584,817,73,466,1,94.33041711229946,81.47251336898395,0.9258181818181818,2.2583065953654184,1.6941176470588235,0.8737967914438503,0.07807486631016043
EWR,19,671,62760.78999999999,54795.48,659.3,2956.7166666666662,1121,560,83,375,1,93.53321907600595,81.66241430700448,0.9825633383010431,4.406433184302037,1.6706408345752608,0.834575260804769,0.12369597615499255
EWR,20,344,31253.800000000003,26794.519999999997,637.1599999999999,1181.1666666666665,531,298,29,247,1,90.85406976744187,77.89104651162789,1.852209302325581,3.4336240310077515,1.5436046511627908,0.8662790697674418,0.08430232558139535
EWR,21,158,12582.29,11029.65,412.96000000000004,825.8333333333333,218,134,18,129,1,79.63474683544304,69.80791139240506,2.6136708860759494,5.226793248945147,1.379746835443038,0.8481012658227848,0.11392405063291139
EWR,22,101,9951.62,8836.890000000001,309.24,664.8499999999999,137,80,16,78,1,98.53089108910892,87.49396039603961,3.061782178217822,6.582673267326732,1.3564356435643565,0.7920792079207921,0.15841584158415842
EWR,23,45,5269.22,4288.2,277.53999999999996,527.35,75,37,7,40,1,117.09377777777779,95.29333333333332,6.167555555555555,11.71888888888889,1.6666666666666667,0.8222222222222222,0.15555555555555556
Manhattan,0,1914477,4.527364845999999E7,3.045088766000002E7,5617238.539999998,2.6621230833333336E7,2395470,1472817,208701,734,66,23.648050334373302,15.905590748805036,2.9340851522373987,13.905223637230081,1.2512398947597698,0.7693051418220224,0.10901201738124824
Manhattan,1,1328394,3.0849760869999997E7,2.0662471530000012E7,4090527.209999999,1.7995111083333332E7,1691075,1035504,139537,731,66,23.223351558347897,15.554475200881676,3.079302684293966,13.546516382438744,1.2730221605939203,0.7795157159698102,0.10504187763570146
Manhattan,2,896612,2.0849281870000005E7,1.3998572299999991E7,3129764.9099999988,1.1598318099999994E7,1154603,697666,98795,729,66,23.253404895317043,15.612742524079525,3.4906569508326886,12.935715894946748,1.2877398473364174,0.7781136099003806,0.11018701511913738
Manhattan,3,584990,1.4530244040000001E7,9870956.260000004,2770688.7099999976,7701256.116666663,747912,440898,73991,732,66,24.838448588864768,16.873717943896484,4.736300979503919,13.164765409095306,1.2785039060496761,0.7536846783705704,0.12648250397442692
Manhattan,4,387370,1.2145677339999996E7,8510216.05,3738467.690000002,5584482.049999999,447341,251867,61964,731,66,31.35420228721893,21.969218189328036,9.650896274879319,14.416403051346256,1.154815809174691,0.650197485608075,0.15996076102950668
Manhattan,5,374761,1.2332828320000004E7,8460280.959999999,5676070.380000003,5101622.066666668,399604,245343,66240,732,66,32.90851588078803,22.575137114054023,15.145840629094284,13.613001530753381,1.0662902489853534,0.6546652399796137,0.17675265035582677
Manhattan,6,893139,2.2440555459999993E7,1.543264682E7,8380213.119999995,1.0984564166666666E7,938927,637393,133621,731,67,25.12549050035884,17.279109769028114,9.38287670788085,12.298829372210447,1.0512663762303516,0.7136548734295558,0.14960829165449052
Manhattan,7,1872666,4.289861093000003E7,2.9342984709999982E7,1.2760303800000008E7,2.371734118333332E7,2069846,1430583,238134,732,66,22.90777476068879,15.66909673695148,6.813977399066363,12.665014040588828,1.105293736309625,0.7639285382444067,0.1271630926176905
Manhattan,8,2665123,6.122755423000003E7,4.219268069E7,1.1379381620000005E7,3.7551873383333325E7,3009077,2063448,334378,732,66,22.973631697298785,15.831419671812519,4.269739753099577,14.090108930557173,1.1290574581360786,0.774241188868206,0.12546437819192585
Manhattan,9,2951024,6.773549542999999E7,4.66137307E7,8824569.780000005,4.304965478333331E7,3525367,2291860,457473,731,66,22.953217401823906,15.795781633765094,2.9903415831250455,14.58803953588087,1.1946249844121906,0.7766321114297953,0.15502178226947663
Manhattan,10,3169418,7.327601934000003E7,5.056332728000003E7,9228161.959999992,4.772749175000001E7,3973624,2442134,562431,732,67,23.11970820510265,15.95350543222763,2.911626664580056,15.058755818891672,1.2537393300599668,0.770530740975157,0.17745560856914425
Manhattan,11,3480431,8.221275986000007E7,5.705006666999999E7,1.0337602259999994E7,5.512384156666665E7,4427921,2665109,633516,732,67,23.62143075383482,16.3916672015621,2.970207500163053,15.838222785243163,1.2722335251007706,0.7657410820671348,0.1820222840217203
Manhattan,12,3779045,9.019284753E7,6.2816633E7,1.1058854540000007E7,6.138234130000003E7,4821485,2877952,687517,731,67,23.866571456545238,16.622356441905296,2.9263622264355167,16.24281830462459,1.2758474694003379,0.761555366501325,0.18192876771776997
Manhattan,13,3878111,9.442131953000009E7,6.6036343580000006E7,1.1044834480000004E7,6.4247812716666654E7,4976768,2942669,707738,732,67,24.34724522583291,17.027966342376484,2.8479933864708884,16.566780248596974,1.2832969453427197,0.7587892662174961,0.1824955500242257
Manhattan,14,4104837,1.0089586451999998E8,7.061384473000005E7,1.3668951900000008E7,7.010975966666663E7,5284030,3135914,728810,733,67,24.579749334748247,17.202594093261204,3.3299621641492725,17.079791394071584,1.287269141259446,0.7639557916672453,0.17754907198507516
Manhattan,15,4230616,1.0337316396000004E8,7.229769923999996E7,1.3930375379999993E7,7.33919495166667E7,5483970,3252005,723439,734,67,24.434541910681574,17.089166031613356,3.292753438269981,17.347816373943346,1.2962580390184313,0.7686835675939391,0.17100086606773104
Manhattan,16,4266125,1.1137674095E8,7.257706000000003E7,1.2589886040000003E7,7.380319305000004E7,5513090,3310422,681121,731,66,26.10723805561253,17.01240821588679,2.951129195698673,17.299819637258647,1.2922945295789505,0.7759786691669841,0.1596580034574702
Manhattan,17,4772546,1.2110655666E8,7.800789594999999E7,1.4825133130000012E7,7.892079695E7,6022372,3749169,658407,731,66,25.375670901862442,16.345132336073867,3.1063363517082943,16.536414096375395,1.2618782511472912,0.7855700081256419,0.1379571826023259
Manhattan,18,5052901,1.2256763254E8,7.780633073000002E7,1.3332374750000004E7,7.65949904833333E7,6323940,3989393,648930,731,67,24.256883825746833,15.398348538789898,2.6385584736372243,15.15861689816074,1.2515463888962004,0.7895252647934325,0.12842721438634955
Manhattan,19,4409301,1.0426565170000002E8,6.582761955999996E7,1.2689152299999986E7,6.26438308333333E7,5585282,3507058,551382,731,66,23.64675301141837,14.929264198565704,2.8778149416426744,14.207202192214435,1.2667046318679536,0.7953773171756703,0.12504975278394467
Manhattan,20,3923684,9.004060283999996E7,5.892279373000001E7,1.0705707979999995E7,5.467237396666672E7,5010922,3130646,479278,733,67,22.947975127456736,15.01721181675181,2.728483736203016,13.933939116062028,1.2770962187576778,0.7978843352318892,0.12214999984708248
Manhattan,21,3977337,9.249195882000001E7,6.089749848999998E7,1.2337560609999996E7,5.566967234999994E7,5130369,3170941,464465,732,66,23.254745278059165,15.311123621156563,3.101965111329514,13.996720003861865,1.2899005037792874,0.7972522821174067,0.11677788429796117
Manhattan,22,3638912,8.685129776999992E7,5.794841059000004E7,1.086273292E7,5.205413399999999E7,4652873,2866560,404617,734,66,23.86738062640699,15.924652915486838,2.985159553185128,14.3048620027085,1.2786440012839002,0.7877519434380387,0.11119175182032431
Manhattan,23,2735515,6.529444632999996E7,4.3878900530000016E7,8589259.689999994,3.8865727883333296E7,3425848,2108751,303667,737,66,23.86916040672413,16.04045327113908,3.1399059007170473,14.207828464963013,1.2523594277494365,0.7708789752569443,0.1110090787292338
N/A,0,2747,300111.6500000001,264596.78,6999.749999999999,25128.216666666667,3985,2086,309,687,1,109.25069166363308,96.32208955223882,2.548143429195486,9.147512437810946,1.4506734619585002,0.7593738623953403,0.11248634874408446
N/A,1,2463,245064.52000000005,214990.89000000004,18621.39,10080.066666666668,3512,1949,263,665,1,99.49838408444988,87.288221680877,7.560450669914738,4.092597103802951,1.4259033698741372,0.7913114088509947,0.10678034916768168
N/A,2,1944,201030.16999999998,178240.96,2900.98,9039.616666666665,2914,1587,225,604,1,103.41058127572016,91.6877366255144,1.4922736625514403,4.650008573388202,1.4989711934156378,0.816358024691358,0.11574074074074074
N/A,3,1440,134126.22,118614.57000000002,2290.1600000000003,9840.566666666666,2125,1111,179,531,1,93.14320833333333,82.37122916666668,1.590388888888889,6.833726851851851,1.4756944444444444,0.7715277777777778,0.12430555555555556
N/A,4,1282,110975.97,98941.57999999999,2719.8500000000004,8882.916666666666,1737,942,148,517,1,86.56471918876755,77.17751950078002,2.121567862714509,6.928952158086323,1.3549141965678626,0.734789391575663,0.11544461778471139
N/A,5,945,77729.85,68850.98999999999,5051.789999999999,16350.35,1021,499,117,479,1,82.25380952380954,72.85819047619047,5.345809523809523,17.301957671957673,1.0804232804232805,0.5280423280423281,0.12380952380952381
N/A,6,1350,89522.54,82226.0,11929.529999999999,43514.71666666667,831,390,142,507,1,66.3129925925926,60.90814814814815,8.836688888888888,32.233123456790125,0.6155555555555555,0.28888888888888886,0.10518518518518519
N/A,7,1135,94384.05,84506.12999999999,18317.989999999998,25831.93333333333,1050,527,119,523,1,83.15775330396475,74.45474008810572,16.13919823788546,22.759412628487517,0.9251101321585903,0.4643171806167401,0.10484581497797357
N/A,8,1484,132708.09,118361.84999999999,12297.579999999998,33980.45,1568,735,189,581,1,89.42593665768194,79.75865902964959,8.286778975741239,22.897877358490565,1.0566037735849056,0.49528301886792453,0.12735849056603774
N/A,9,1576,144544.88999999998,127336.73000000001,18203.71,26627.08333333333,1701,897,198,605,1,91.71630076142131,80.79741751269036,11.550577411167513,16.895357445008457,1.0793147208121827,0.5691624365482234,0.12563451776649745
N/A,10,1784,177707.4,157751.84999999998,13428.17,28735.783333333333,2236,1087,255,646,1,99.61177130044842,88.42592488789236,7.527001121076233,16.10750186846039,1.2533632286995515,0.609304932735426,0.1429372197309417
N/A,11,1941,190880.13,167497.37999999998,72567.78,31924.816666666666,2394,1173,265,660,1,98.3411282843895,86.29437403400308,37.38680061823802,16.447612914305342,1.23338485316847,0.6043276661514683,0.13652756311179803
N/A,12,2121,205089.22000000003,181340.88,9174.450000000003,32888.73333333334,2567,1254,269,661,1,96.69458745874589,85.49782178217822,4.325530410183877,15.506239195348108,1.2102781706742103,0.5912305516265912,0.12682696841112684
N/A,13,2136,206890.64,183358.71000000005,148451.55000000002,36329.96666666667,2565,1248,274,643,1,96.8589138576779,85.84209269662924,69.4997893258427,17.008411360799002,1.2008426966292134,0.5842696629213483,0.12827715355805244
N/A,14,2432,227647.86999999997,202219.17,29041.61,54867.649999999994,2709,1345,276,677,1,93.60520970394735,83.14932976973685,11.941451480263158,22.560711348684208,1.1138980263157894,0.5530427631578947,0.11348684210526316
N/A,15,2658,257071.67,228979.86999999997,21324.260000000002,67506.88333333333,2920,1457,276,681,1,96.71620391271634,86.14743039879608,8.022671181339353,25.397623526460997,1.0985703536493605,0.5481565086531226,0.1038374717832957
N/A,16,2836,282399.8,251601.69,32751.239999999994,76923.33333333333,3111,1478,284,676,1,99.57679830747531,88.71709802538787,11.548392101551478,27.123883403855192,1.0969675599435824,0.5211565585331452,0.1001410437235543
N/A,17,3168,323199.52999999997,289392.26999999996,17607.35,73757.86666666665,3430,1688,306,686,1,102.02005366161615,91.34857007575756,5.557875631313131,23.282154882154877,1.08270202020202,0.5328282828282829,0.09659090909090909
N/A,18,2712,304073.26999999996,271510.53,12202.41,44375.09999999999,3577,1736,328,685,1,112.1214122418879,100.1145022123894,4.499413716814159,16.362499999999997,1.318952802359882,0.640117994100295,0.12094395280235988
N/A,19,2332,265742.24000000005,234954.94000000006,7497.649999999998,20061.833333333332,3292,1665,281,678,1,113.95464837049745,100.75254716981135,3.2151157804459682,8.602844482561464,1.411663807890223,0.7139794168096055,0.12049742710120069
N/A,20,2244,258951.34999999998,230284.96000000002,11131.089999999998,17991.866666666665,3192,1620,323,678,1,115.3972147950089,102.6225311942959,4.9603787878787875,8.017765894236481,1.4224598930481283,0.7219251336898396,0.14393939393939395
N/A,21,2349,261689.0,229384.24,11169.810000000001,18045.533333333333,3437,1761,315,681,1,111.40442741592167,97.65186888037462,4.755134099616859,7.6822193841350925,1.4631758194976585,0.7496807151979565,0.13409961685823754
N/A,22,2539,285551.83,253320.66,21592.050000000003,14975.916666666668,3642,1961,290,686,1,112.46625836943679,99.77182355257976,8.504155179204412,5.898352369699357,1.4344230011815675,0.7723513194170933,0.11421819614021268
N/A,23,2727,309545.78,272557.13000000006,13000.960000000003,20093.483333333334,3977,2100,306,698,1,113.51147048038138,99.94760909424278,4.7674954162082885,7.368347390294585,1.4583791712504584,0.77007700770077,0.11221122112211221
Queens,0,265588,1.8062522219999976E7,1.3653483719999993E7,3491990.0200000005,7186984.93333333,351248,194141,52398,736,69,68.00955698299613,51.408511378526114,13.148146828922995,27.06065384480221,1.3225296323629079,0.7309855866981942,0.19729054023525158
Queens,1,107936,7183282.539999998,5605603.86,1533035.1900000002,2790322.266666668,144903,72475,26066,730,69,66.55131318559144,51.93451545360214,14.203186981174031,25.85163677240835,1.3424899940705604,0.6714627186480877,0.24149495997628223
Queens,2,40973,2480838.5100000002,1965809.3,473605.51999999996,973862.2499999998,53569,24152,11490,730,67,60.54812949991458,47.978163668757475,11.558966148439215,23.76839015937324,1.3074219608034559,0.5894613525980523,0.2804285749151881
Queens,3,25072,1389317.4300000004,1124462.2600000002,260436.7300000001,545837.6000000001,30224,12882,6934,730,67,55.413107450542455,44.849324345883865,10.387553047224,21.7708040842374,1.2054881940012763,0.5138002552648373,0.2765634971282706
Queens,4,31488,1667575.7500000012,1373473.88,335896.54999999993,652171.4666666663,33496,15373,7282,732,67,52.9590875889228,43.61896214430894,10.66744632876016,20.711746273712727,1.063770325203252,0.4882177337398374,0.23126270325203252
Queens,5,71870,4632656.540000003,3733713.1200000006,1065253.4899999995,1988878.4333333336,88388,46977,17048,732,68,64.45883595380552,51.95092695144011,14.821949213858348,27.673277213487317,1.2298316404619452,0.6536385139835814,0.23720606650897455
Queens,6,148629,1.005843674999996E7,8069013.859999989,2452911.71,5471791.433333333,190145,99100,37414,731,68,67.67479260440399,54.28963297875912,16.50358752329626,36.815099565585,1.279326376413755,0.6667608609356183,0.2517274556109508
Queens,7,196439,1.3758245739999944E7,1.0660650959999995E7,3072166.8000000003,8502254.116666669,253345,138354,43361,732,69,70.03825991783681,54.26952366892519,15.639291586701217,43.281904900079255,1.2896878929336844,0.7043102438925061,0.2207351900590005
Queens,8,220134,1.520275123999993E7,1.1411622599999987E7,2761031.7200000007,9148709.516666666,287020,161392,44782,731,68,69.06135008676502,51.839436888440616,12.54250465625483,41.559729604089625,1.3038422052022858,0.7331534429029591,0.2034306377024903
Queens,9,267858,1.818952519999992E7,1.3248168769999988E7,4050203.0200000014,9882231.26666666,355204,200922,53827,732,69,67.90734344316735,49.45967180371685,15.120709555062762,36.89354533621046,1.3260906898431257,0.7501063996595211,0.20095349028216444
Queens,10,314104,2.1271435489999913E7,1.5367498439999992E7,3998534.399999999,1.1542009799999997E7,426499,234789,65821,732,69,67.7209952436133,48.92487341772149,12.72996969156712,36.74582240277105,1.3578273438096935,0.747488093115656,0.2095516134783384
Queens,11,308496,2.1446414309999906E7,1.5526848079999985E7,3692224.1199999987,1.1644060650000006E7,425642,233361,61214,731,69,69.51926219464727,50.33079223069338,11.968466754836363,37.74460819589235,1.3797326383486335,0.756447409366734,0.19842720813235828
Queens,12,353037,2.48442441699999E7,1.805114633999998E7,4510836.070000001,1.3455831999999998E7,491589,268948,68785,731,69,70.37291890085147,51.13103255466136,12.777233179525096,38.11450924407356,1.3924574478029215,0.7618125012392469,0.1948379348340259
Queens,13,404877,2.9306318069999903E7,2.145752288999999E7,5351339.67,1.6268800933333334E7,570640,308951,78859,733,69,72.38326225001643,52.99763357760502,13.217198482502093,40.18208229495213,1.409415699088859,0.7630737236247058,0.19477273344744206
Queens,14,492214,3.644881660999991E7,2.6784309800000004E7,6386859.959999999,2.1603292966666672E7,702232,375302,96788,732,69,74.05075152271148,54.41598532345688,12.97577874664272,43.8900416620955,1.4266802650879495,0.7624772964604827,0.1966380476784488
Queens,15,507395,3.8149763729999915E7,2.8324506390000008E7,6811245.980000002,2.3577128083333336E7,725953,383823,102958,732,69,75.18750427181962,55.82338491707645,13.423951714147758,46.46700910204739,1.4307452773480227,0.7564579863814188,0.202914888794726
Queens,16,525477,4.118685498999987E7,2.9695885580000017E7,6832429.93,2.4248353383333325E7,750923,401572,103005,732,69,78.37993858912924,56.512246168719116,13.00233869417691,46.145413373626866,1.4290311469388766,0.7642047130511896,0.19602190010219286
Queens,17,468159,3.614927425999994E7,2.6090917899999995E7,6133817.840000003,2.0491483300000012E7,674908,350167,97346,732,69,77.21580544216802,55.730890359899085,13.101997056555577,43.770350030652004,1.441621329505574,0.7479659688268302,0.2079336293865973
Queens,18,448419,3.377137155999994E7,2.4219022569999993E7,5998797.28,1.7280532666666668E7,633847,339134,89121,731,69,75.31208882763653,54.009804602391945,13.377660803846403,38.53657553909774,1.413515038390434,0.7562882036666599,0.19874492383239784
Queens,19,461863,3.445398764999995E7,2.4748786379999995E7,6425760.910000001,1.5800380166666672E7,646726,352666,88607,731,69,74.5978518521725,53.58469152107875,13.912699025468594,34.210101624652054,1.4002550539878709,0.7635727477628648,0.19184693296497013
Queens,20,457586,3.315548867999995E7,2.423846259000001E7,6340300.889999999,1.4248132433333341E7,630784,355943,81420,732,69,72.45739310206159,52.970288841878926,13.855976559597538,31.137605681409266,1.3785037129632463,0.7778712635439021,0.17793376545611098
Queens,21,447772,3.208562903999995E7,2.3530197249999996E7,5827615.32,1.3200341216666667E7,607887,350731,76156,731,69,71.65617555362986,52.54950566359664,13.014693460064498,29.480050598667773,1.3575815370322397,0.7832803301680319,0.17007762879322513
Queens,22,442032,3.1292929509999953E7,2.3219638519999992E7,5740776.470000001,1.3031334883333338E7,594811,340807,77091,733,69,70.79335774333069,52.52931579614144,12.987241806023095,29.48052377052643,1.3456288232526152,0.7710007420277265,0.17440140080356173
Queens,23,445606,3.0696222509999946E7,2.2737323300000004E7,5623336.94,1.260393481666666E7,593354,339612,79492,736,69,68.88646586895138,51.02562196200232,12.619526981234545,28.28493067119083,1.3315664510801022,0.7621351597599674,0.17839077570768797
Staten Island,0,166,9095.69,7221.1900000000005,1011.4600000000002,2915.516666666667,159,49,48,136,18,54.79331325301205,43.50114457831326,6.093132530120482,17.56335341365462,0.9578313253012049,0.29518072289156627,0.2891566265060241
Staten Island,1,134,6469.830000000001,4922.88,557.19,2687.9666666666667,169,35,66,116,19,48.28231343283583,36.737910447761195,4.1581343283582095,20.05945273631841,1.2611940298507462,0.26119402985074625,0.4925373134328358
Staten Island,2,80,4319.04,3389.2699999999995,336.41,1552.0500000000002,85,29,28,71,18,53.988,42.365874999999996,4.205125000000001,19.400625,1.0625,0.3625,0.35
Staten Island,3,70,4275.4400000000005,3222.87,277.01000000000005,912.2833333333333,80,27,33,68,16,61.07771428571429,46.041,3.957285714285715,13.032619047619047,1.1428571428571428,0.38571428571428573,0.4714285714285714
Staten Island,4,84,4801.2300000000005,3545.04,700.94,2353.85,85,33,23,72,16,57.157500000000006,42.20285714285714,8.34452380952381,28.02202380952381,1.0119047619047619,0.39285714285714285,0.27380952380952384
Staten Island,5,276,17379.35,14659.1,3636.2000000000003,9399.216666666669,246,201,25,235,16,62.96865942028985,53.11268115942029,13.174637681159421,34.055132850241556,0.8913043478260869,0.7282608695652174,0.09057971014492754
Staten Island,6,242,14779.469999999998,11988.670000000002,3662.1,9442.433333333334,191,160,19,200,15,61.07219008264462,49.53995867768596,15.132644628099174,39.01831955922865,0.7892561983471075,0.6611570247933884,0.07851239669421488
Staten Island,7,192,11593.959999999997,9541.91,46305.850000000006,9103.599999999999,120,85,20,157,15,60.38520833333332,49.69744791666667,241.17630208333335,47.414583333333326,0.625,0.4427083333333333,0.10416666666666667
Staten Island,8,172,8494.380000000001,6274.0599999999995,1682.4299999999998,5293.366666666667,125,64,35,139,17,49.385930232558145,36.47709302325581,9.781569767441859,30.775387596899225,0.7267441860465116,0.37209302325581395,0.20348837209302326
Staten Island,9,153,9835.66,7550.75,1920.8899999999996,5504.700000000001,136,98,22,126,14,64.28535947712419,49.35130718954248,12.554836601307187,35.978431372549025,0.8888888888888888,0.6405228758169934,0.1437908496732026
Staten Island,10,210,13615.780000000002,10425.630000000003,2688.32,9155.516666666666,221,154,30,158,18,64.83704761904762,49.64585714285715,12.801523809523811,43.59769841269841,1.0523809523809524,0.7333333333333333,0.14285714285714285
Staten Island,11,160,9908.710000000001,7491.57,1607.2200000000003,6673.233333333333,162,100,30,132,17,61.929437500000006,46.822312499999995,10.045125000000002,41.70770833333333,1.0125,0.625,0.1875
Staten Island,12,150,8881.96,6408.589999999999,7543.109999999999,6359.9,158,78,46,130,17,59.21306666666666,42.72393333333333,50.28739999999999,42.39933333333333,1.0533333333333332,0.52,0.30666666666666664
Staten Island,13,231,11377.170000000002,8388.910000000002,2142.51,9338.0,239,120,82,188,18,49.25181818181819,36.31562770562771,9.274935064935066,40.42424242424242,1.0346320346320346,0.5194805194805194,0.354978354978355
Staten Island,14,244,12041.63,7907.160000000001,1960.4500000000003,7413.35,264,96,112,199,19,49.35094262295082,32.40639344262296,8.034631147540985,30.382581967213117,1.0819672131147542,0.39344262295081966,0.45901639344262296
Staten Island,15,240,11025.95,7005.240000000002,2078.3199999999997,7131.666666666667,249,78,120,197,18,45.94145833333334,29.18850000000001,8.659666666666665,29.71527777777778,1.0375,0.325,0.5
Staten Island,16,283,17838.479999999996,13176.35,84004.0,11620.599999999999,303,168,72,227,18,63.03349823321553,46.55954063604241,296.8339222614841,41.06219081272084,1.0706713780918728,0.5936395759717314,0.254416961130742
Staten Island,17,235,15507.29,11971.630000000001,1825.98,9255.05,231,134,55,191,16,65.98846808510639,50.943106382978726,7.770127659574468,39.3831914893617,0.9829787234042553,0.5702127659574469,0.23404255319148937
Staten Island,18,119,7906.67,5841.110000000001,1239.3100000000002,6800.099999999999,105,65,23,105,17,66.44260504201681,49.084957983193284,10.414369747899162,57.14369747899159,0.8823529411764706,0.5462184873949579,0.19327731092436976
Staten Island,19,139,8850.49,7025.789999999999,1542.81,4333.85,139,74,32,117,18,63.672589928057555,50.54525179856115,11.099352517985611,31.178776978417268,1.0,0.5323741007194245,0.2302158273381295
Staten Island,20,127,9517.009999999997,7360.12,1043.8099999999997,3807.95,121,74,18,112,17,74.9370866141732,57.95370078740157,8.218976377952753,29.983858267716535,0.952755905511811,0.5826771653543307,0.14173228346456693
Staten Island,21,130,8608.84,6724.4800000000005,1122.8500000000001,3243.116666666667,117,61,23,112,19,66.22184615384616,51.726769230769236,8.637307692307694,24.947051282051284,0.9,0.46923076923076923,0.17692307692307693
Staten Island,22,175,11940.0,9664.890000000001,2027.9499999999998,5280.883333333333,139,85,22,154,17,68.22857142857143,55.227942857142864,11.588285714285714,30.17647619047619,0.7942857142857143,0.4857142857142857,0.12571428571428572
Staten Island,23,208,12567.51,10338.810000000001,1556.9099999999999,4294.55,169,74,35,162,19,60.42072115384615,49.705817307692314,7.48514423076923,20.646875,0.8125,0.3557692307692308,0.16826923076923078
Unknown,0,13258,404030.49000000005,286509.93999999994,52292.78,208565.2166666667,19159,10865,2065,724,1,30.474467491325996,21.610343943279524,3.944243475637351,15.731272942122997,1.4450897571277719,0.8195052044048876,0.15575501583949314
Unknown,1,8771,239110.62,168004.37,29292.41,128600.01666666666,12948,7215,1316,711,1,27.261500399042298,19.154528560027362,3.3396887470071825,14.661956067343137,1.4762284802189032,0.822597195302702,0.15003990422984836
Unknown,2,6119,156233.34,108926.64999999998,18741.440000000002,91544.26666666666,8857,4997,947,659,1,25.532495505801602,17.801380944598787,3.062827259356104,14.960658059595794,1.4474587350874326,0.8166367053440104,0.15476385030233697
Unknown,3,4084,111473.23,78352.08999999998,13457.330000000002,54176.399999999994,5771,3265,681,627,1,27.295110186092067,19.1851346718903,3.295134671890304,13.26552399608227,1.4130754162585701,0.7994613124387855,0.16674828599412342
Unknown,4,2844,96381.30999999998,69695.95,12486.060000000001,38814.91666666667,3846,2090,617,639,1,33.88934950773558,24.50631153305204,4.390316455696203,13.64800164088139,1.3523206751054853,0.7348804500703235,0.2169479606188467
Unknown,5,3142,121408.01000000002,89137.03,17359.81,46674.43333333333,3909,2230,750,685,1,38.640359643539156,28.369519414385742,5.525082749840866,14.855007426267768,1.2441120305537874,0.7097390197326544,0.23870146403564607
Unknown,6,7244,231455.97,170688.95,32879.36,112187.6666666667,8721,5474,1452,719,1,31.95140392048592,23.562803699613475,4.538840419657648,15.486977728695017,1.2038928768636112,0.75565985643291,0.2004417448923247
Unknown,7,14472,448804.36000000004,321665.91000000003,59370.08,247701.00000000003,17336,11572,2300,725,1,31.011909894969598,22.226776533996684,4.1024101713653955,17.115878938640133,1.1978993919292427,0.7996130458817026,0.15892758430071863
Unknown,8,18500,533758.71,382674.08999999997,64413.950000000004,320381.76666666666,22484,14981,2930,728,1,28.85182216216216,20.685085945945943,3.4818351351351353,17.317933333333333,1.2153513513513514,0.8097837837837838,0.15837837837837837
Unknown,9,19910,568274.69,405235.49999999994,66646.84,342902.95,24752,15669,3732,728,1,28.542174284279255,20.353365143144146,3.34740532395781,17.222649422400803,1.2431943746860874,0.786991461577097,0.18744349573078856
Unknown,10,21279,615573.2900000002,442495.65,72063.81,382014.7333333333,27323,16384,4352,728,1,28.928675689647076,20.794945721133512,3.3866163823487945,17.952663815655495,1.2840359039428544,0.7699609944076319,0.20452088913952723
Unknown,11,22834,663241.9199999999,477075.83,75394.63999999998,414526.6833333334,29836,17564,4697,729,1,29.046243321362876,20.893221949724097,3.3018586318647625,18.153923243116992,1.3066479810808445,0.7692038188666024,0.20570202329858983
Unknown,12,24891,749280.4500000002,542166.91,86475.23000000001,473404.55,32947,19014,5186,730,1,30.102464746293847,21.781644369450806,3.4741565224378292,19.019105299104094,1.3236511188783093,0.7638905628540437,0.20834839901972602
Unknown,13,26209,812920.3400000001,588509.9600000001,95840.66,509034.5333333333,35169,20022,5466,728,1,31.016839253691483,22.45449883627762,3.6567843107329545,19.42212725908403,1.3418672974932275,0.7639360525010492,0.2085543134037926
Unknown,14,29135,942562.47,687219.89,112668.09,603564.0833333334,39504,22294,6158,727,1,32.351552085120986,23.58743401407242,3.8671045134717694,20.716117498998916,1.3558949716835422,0.7651964990561181,0.2113609061266518
Unknown,15,29323,946904.24,693172.8400000001,201719.02,617690.4666666664,40064,22638,5938,727,1,32.29220202571361,23.639219725130445,6.879208130136752,21.06505018813445,1.366299491866453,0.7720219622821676,0.2025031545203424
Unknown,16,28364,966850.89,669905.96,106451.17,604028.9333333333,38467,22273,5357,728,1,34.08725461853053,23.61817656183895,3.753038005923001,21.29561885958727,1.3561909462699195,0.7852559582569454,0.18886616838245662
Unknown,17,30591,982759.15,670588.46,106066.35999999999,602372.0,40943,24553,5252,728,1,32.125760844692884,21.92110293877284,3.4672406917067105,19.691150992121866,1.3384001830603773,0.8026216861168317,0.171684482364094
Unknown,18,32460,977820.8800000001,656160.1000000001,118537.94000000002,557596.2666666667,43577,26527,5151,729,1,30.12387184226741,20.21442082563155,3.6518157732593965,17.177950297802425,1.342483056069008,0.8172211953173136,0.15868761552680222
Unknown,19,29071,884952.3800000001,595224.85,177448.41,480537.5999999999,39825,23773,4633,729,1,30.441071170582372,20.474866705651678,6.103966495820577,16.52979257679474,1.3699219153107909,0.81775652712325,0.1593684427780262
Unknown,20,26708,804639.7899999999,559088.4000000001,98399.23000000001,432755.14999999997,36787,21890,4209,727,1,30.12729481803205,20.933368279167297,3.6842605211921526,16.20320316010184,1.3773775647745994,0.8196046128500823,0.15759323049273627
Unknown,21,26773,785930.25,543667.91,102689.34,426275.9166666667,37486,22138,4026,728,1,29.355329996638403,20.30657416053487,3.8355559705673623,15.921858464373312,1.4001419340380235,0.826877824674112,0.15037537817950922
Unknown,22,24675,753548.4600000001,527537.53,94942.08,400121.7666666666,35473,20424,3694,727,1,30.538944680851067,21.37943383991895,3.847703343465046,16.215674434312728,1.4376089159067882,0.8277203647416413,0.14970618034447822
Unknown,23,19942,637416.93,451189.3,83664.4,328526.39999999997,28592,16362,3075,729,1,31.963540768227862,22.62507772540367,4.195386621201484,16.474094875137897,1.4337578979039214,0.8204793902316718,0.15419717179821482
